path,sha256,size_bytes,format,title,subject,language,year
./.DS_Store,8a6ee1c885bf78b61a3be87f87962589372188c9aa2ab35a00a424269e73d65f,6148,.DS_Store,,,,,
./irish/g100_cruinneas_na_gaeilge/a1_gf100_aguis_n_a_2022_23_2.pdf,3a686c5842b642f9d5eba3f816a970180ca8adc79366ff995e97c132b9e07453,1060789,a1_gf100_aguis_n_a_2022_23_2.pdf,,,,,
./irish/g100_cruinneas_na_gaeilge/01_gf100_aonad_1_2022_23_2.pdf,d6ad2fdcbcd40e05b0d5e9440524bd0cd937b9c01538cee7285912bd9e946a3e,471271,01_gf100_aonad_1_2022_23_2.pdf,,,,,
./irish/g100_cruinneas_na_gaeilge/00_gf100_r_amhra_2022_23_2.pdf,929801d9ca20ddc5a9d8a075f78603d8da894b4582dfb722741d26d28589fe3b,381867,00_gf100_r_amhra_2022_23_2.pdf,,,,,
./irish/g100_cruinneas_na_gaeilge/00_gf100_r_amhra_2022_23.pdf,929801d9ca20ddc5a9d8a075f78603d8da894b4582dfb722741d26d28589fe3b,381867,00_gf100_r_amhra_2022_23.pdf,,,,,
./irish/g100_cruinneas_na_gaeilge/a1_gf100_aguis_n_a_2022_23.pdf,3a686c5842b642f9d5eba3f816a970180ca8adc79366ff995e97c132b9e07453,1060789,a1_gf100_aguis_n_a_2022_23.pdf,,,,,
./irish/g100_cruinneas_na_gaeilge/b1_gf100_aguis_n_b_2022_23.pdf,dec3cdc34548e6894ce02310840db98a145a34c6e423231247be785f0bdce53d,248446,b1_gf100_aguis_n_b_2022_23.pdf,,,,,
./irish/g100_cruinneas_na_gaeilge/b1_gf100_aguis_n_b_2022_23_2.pdf,dec3cdc34548e6894ce02310840db98a145a34c6e423231247be785f0bdce53d,248446,b1_gf100_aguis_n_b_2022_23_2.pdf,,,,,
./irish/ga81010_éisteach_agus_labhairt_c1/scrúdúcainte/scr_duithe_cainte_sceideal.docx,d673acc0c0d70d36119a03243cc058bdc6c0f56d8be113db6dfcd380b5964c4c,14649,scr_duithe_cainte_sceideal.docx,,,,,
./irish/ga81010_éisteach_agus_labhairt_c1/scrúdúcainte/ullmh_ch_in_don_scr_d_cainte.pages,e6cc341a7167069e480bc9ff99696b6bd72bdabb097ba6f4eb0434ed1512ede3,167228,ullmh_ch_in_don_scr_d_cainte.pages,,,,,
./irish/ga81010_éisteach_agus_labhairt_c1/scrúdúcainte/cur_i_l_thair.pdf,bf85ad55240bce936f8de15b0794b1e63b1ad6fff3057b19ea95c1e33760a30f,11152317,cur_i_l_thair.pdf,,,,,
./irish/ga81010_éisteach_agus_labhairt_c1/scrúdúcainte/c1_bliain_1_scr_duithe_cainte.docx,a19f75a5b5cf40a13ddcddfbf7ba49e689d8f4a6d0af1c6f577560ddeaa7b551,21674,c1_bliain_1_scr_duithe_cainte.docx,,,,,
./irish/found_in_downloads/sa_ocht_na_gaeilge_agus_na_gaeltachta_2020.docx,4a8278a7951778e3ff95dc17d58531b540bff07ed5b77e4ca0f0a6d67c535c39,20480,sa_ocht_na_gaeilge_agus_na_gaeltachta_2020.docx,,,,,
./irish/found_in_downloads/meas_n_l.docx,34ef14a2baa65125c0c19ebbba01d03d34a497351344a384fe9fb9fae807c852,696992,meas_n_l.docx,,,,,
./irish/found_in_downloads/meas_n_1.docx,87dad4e2c2e9dcf9ffae051e3bc4bddd4bb89650392fcbd0f06e7504bddaeee1,14756,meas_n_1.docx,,,,,
./irish/found_in_downloads/aonad_9.docx,2f45e67736eafd634fc60e262bee333eb4e60cc2f847d5b7ec768631c05d1c8d,1417920,aonad_9.docx,,,,,
./irish/found_in_downloads/meas_n_1_p.docx,96be91707bb43fdc732d4f27ac190f6f51ee7458b81938b428cfe6f4c98c849d,812863,meas_n_1_p.docx,,,,,
./irish/found_in_downloads/aonad_6_c1_1.docx,519765ebbe954d7725b583e0bba6e58b938d8bba6900af064e28934a65a340b5,1059304,aonad_6_c1_1.docx,,,,,
./irish/found_in_downloads/sa_ocht_na_gaeilge_agus_na_gaeltachta.docx,1df46c626ed1c1e3a73422c87cfa8446b5b6f7135723759dd593d9dce271286e,37999,sa_ocht_na_gaeilge_agus_na_gaeltachta.docx,,,,,
./irish/found_in_downloads/aonad_7_c1.docx,e86baa257ba24b1934232fe1d2b019932eec42d9c8c691e44337f98e5e5d41de,1111635,aonad_7_c1.docx,,,,,
./irish/found_in_downloads/aonad_10.docx,0f414250713f5c1f00cd91a81c07715280bc42676fd09f976e563aac3b263a34,238823,aonad_10.docx,,,,,
./irish/lámhleabhar_c1_bl2_2020_2021_2.pdf,e2db55c1fa54715230410092dad74775345d1b1697c8a578f69e73d618f5a989,8195184,lámhleabhar_c1_bl2_2020_2021_2.pdf,,,,,
./irish/léirmheas_cian_mac_liatháin.pdf,de143ec3285bbaf5e952fe8bb5fdc8f5e182dacb5c52b9a98562708730417c33,83837,léirmheas_cian_mac_liatháin.pdf,,,,,
./irish/tortha_ghaeilge.pdf,9cf8a0d5e97cdff0d47df69aa52ff03c6adff4ec8f632f5075516d3984463e05,49487,tortha_ghaeilge.pdf,,,,,
./irish/aistriúchán_c1_bliain_2_meitheamh_2021.docx,045b1d1656f8da29c0392eda9c3593e126eb1ecf4af7e6e64229a17de102da85,21916,aistriúchán_c1_bliain_2_meitheamh_2021.docx,,,,,
./irish/aiste_saíocht_cian.pdf,59c67fe25f84743496c99bd7662984b94742cbedac4226af1089430157627749,159463,aiste_saíocht_cian.pdf,,,,,
./irish/ga201_ceart_na_gaeilge_2/seachtain_14/obair_bhaile_14.docx,86fd9b148506b82265e453fe5e7ed845f72a43369d397d568bf43a6b26ed8440,15080,obair_bhaile_14.docx,,,,,
./irish/ga201_ceart_na_gaeilge_2/seachtain_14/aonad_14_1.docx,717f0d40ef8fd0022cefd4924523cfaddd0fa0e35bc0ed6f1d19f2e16097f142,240601,aonad_14_1.docx,,,,,
./irish/ga201_ceart_na_gaeilge_2/seachtain_14/aonad_14_1.pdf,9171cc6ad78ec8a1c6ea7ef3082cd83ffefe115408d5472f55fdbcaed23ed403,532025,aonad_14_1.pdf,,,,,
./irish/ga201_ceart_na_gaeilge_2/seachtain_13/aonad_13_1.docx,e897f03ae0110a85f9a539eafd46eb406aa45c7aa875c6311d7dd267acb35b2f,306200,aonad_13_1.docx,,,,,
./irish/ga201_ceart_na_gaeilge_2/seachtain_13/aonad_13.pdf,acb8f6c1457bfa282a9a60484a718b6074c1d1041f8e97b45ce3e8b36fbb26af,1235430,aonad_13.pdf,,,,,
./irish/ga201_ceart_na_gaeilge_2/seachtain_12/aonad_12.docx,82151e72a9a01c9b2c2693e79d06fdfe4e8d729b24a6e4f80e01844151ac1c60,606980,aonad_12.docx,,,,,
./irish/ga201_ceart_na_gaeilge_2/seachtain_15/obair_bhaile_15.docx,3b82a0f2e4cda6900896d991ad2c78122a3e190a84406cf9c5cfd2781be8f22f,13323,obair_bhaile_15.docx,,,,,
./irish/ga201_ceart_na_gaeilge_2/freagra_ar_cheartaigh_na_bot_in_at_sa_l_mhleabhar.docx,46998096d52ddfab76da0f3f7a63dc30c3a849a5b07bd59f936cbe1f56acdaf9,21159,freagra_ar_cheartaigh_na_bot_in_at_sa_l_mhleabhar.docx,,,,,
./irish/ga201_ceart_na_gaeilge_2/seachtain_5/obair_bhaile_5.docx,4cac34b058f76fe1cf1515199941469bac9cd20c7a14103317c182b5146cddba,63486,obair_bhaile_5.docx,,,,,
./irish/ga201_ceart_na_gaeilge_2/seachtain_5/aonad_5_c1.docx,7c6b6d5eb668c276278003c913cdf9af71fffa5f9d45123572fde0f083f91a5d,1316817,aonad_5_c1.docx,,,,,
./irish/ga201_ceart_na_gaeilge_2/seachtain_2/obair_bhaile_2.docx,eb82a246ca6f4080bd8516769653ce64aa9da266b635c509a152989a491d97b4,21924,obair_bhaile_2.docx,,,,,
./irish/ga201_ceart_na_gaeilge_2/seachtain_2/aonad_2_c1.docx,6de195b60113a90ebfb901bd80eab1c6852cbe7163615a012e9e58ad33a5f305,620061,aonad_2_c1.docx,,,,,
./irish/ga201_ceart_na_gaeilge_2/seachtain_4/obair_bhaile_4.docx,3eee5a7c9febc38da795b60cf7120f61fa1832218f1fc1e301f22227216f9040,15095,obair_bhaile_4.docx,,,,,
./irish/ga201_ceart_na_gaeilge_2/seachtain_4/aonad_4_c1.docx,5ed870d80f4b615c7cc847574af4842779eee7ed07f5051ff2988f1573be5ac8,491408,aonad_4_c1.docx,,,,,
./irish/ga201_ceart_na_gaeilge_2/seachtain_17/aonad_17.pdf,20aeefb0bc13a1a0de4617072245e19d9061fefe50650f6011296cfbcbd6aba3,2411140,aonad_17.pdf,,,,,
./irish/ga201_ceart_na_gaeilge_2/seachtain_17/aonad_17.docx,02c07deac4d3800b03841084a71488a0a5835a3a023922c68a8f5c981f42d102,551125,aonad_17.docx,,,,,
./irish/ga201_ceart_na_gaeilge_2/seachtain_17/obair_bhaile_17.docx,872a99fd1738208596b1240cf5eca633d256c8fa2f589d23c3b041f51dbdf8ba,13308,obair_bhaile_17.docx,,,,,
./irish/ga201_ceart_na_gaeilge_2/seachtain_19/obair_bhaile_19.docx,6efec8416ac423057fb313638c93805633e27e33de1976db25e6dbee557d446b,13373,obair_bhaile_19.docx,,,,,
./irish/ga201_ceart_na_gaeilge_2/seachtain_11/c_ras_harvard_1.docx,3bb4e8456f0dd86ebf482a6c3de6caf5b7fb74ad72ae8a49ed9a8087a196f885,67670,c_ras_harvard_1.docx,,,,,
./irish/ga201_ceart_na_gaeilge_2/seachtain_11/aonad_11_1_1.docx,f8be40073567a56121efab9d3ae835ae47dd25d26f6fc5ea2a8fdcd82038b82e,631749,aonad_11_1_1.docx,,,,,
./irish/ga201_ceart_na_gaeilge_2/seachtain_1/aonad_1_c1.docx,89b3c2840a2a82eb475570a0b6c0b77df596ed467788e167de867b62c9403add,1118960,aonad_1_c1.docx,,,,,
./irish/ga201_ceart_na_gaeilge_2/seachtain_1/obair_bhaile_1.docx,67190ce3a5518e197cdee6dff2bd68133e6c51923415ca1dcaa3b2c18211d229,13318,obair_bhaile_1.docx,,,,,
./irish/ga201_ceart_na_gaeilge_2/seachtain_6/aonad_6_c1.docx,5c6296b39e1f402e5c01d32ab57b5d50443422738add716cce8d11189892b75a,1104744,aonad_6_c1.docx,,,,,
./irish/ga201_ceart_na_gaeilge_2/seachtain_6/obair_bhaile_6.docx,31a4ed44e17e522009c2ac1f258ae71f0dd49c37eee2ca15cd2405c60cbd4901,86753,obair_bhaile_6.docx,,,,,
./irish/ga201_ceart_na_gaeilge_2/seachtain_7/obair_bhaile_7.docx,6837185eb395334f1c55ef3be4f3ae49d63842e02c895d068f19d7ea54531ca3,15723,obair_bhaile_7.docx,,,,,
./irish/ga201_ceart_na_gaeilge_2/seachtain_7/aonad_7_c1.docx,dcecc9544ba369c2d8afeffffc5177dcb2c0781006a55c7ce2fdd270dba59d5f,1110129,aonad_7_c1.docx,,,,,
./irish/ga114_saíocht_na_gaeilge/bileog_oibre_an_ghaeilge_an_ghaeltacht_agus_plean_il_teanga.docx,e4b4e262b457e4a50a050166e6568a87370e3155ca757b7c74d56928dd585d8f,1459260,bileog_oibre_an_ghaeilge_an_ghaeltacht_agus_plean_il_teanga.docx,,,,,
./irish/ga114_saíocht_na_gaeilge/bhar_breise_don_cheardlann/t_stal_na_gaeilge_2013.docx,93fc999c7ed425cdb699ce200bd72d84262d7cfc1736124e736b96b687d9b566,117147,t_stal_na_gaeilge_2013.docx,,,,,
./irish/ga114_saíocht_na_gaeilge/bhar_breise_don_cheardlann/mp3anna/20161019_rteraidion_adhmhaidin_todhcha_na_gaeltachta.mp3,778b56c4aa942b064723ffca73f0317420df9a3f7b3b38acbc53be8902fc5fa5,5828826,20161019_rteraidion_adhmhaidin_todhcha_na_gaeltachta.mp3,,,,,
./irish/ga114_saíocht_na_gaeilge/bhar_breise_don_cheardlann/mp3anna/20131205_rteraidion_adhmhaidin_conch_r_giollag_in.mp3,7f0dfe92bd815cb27c702bf43b08924b650a6af7d06cdaa504577235a8e78a0d,6876330,20131205_rteraidion_adhmhaidin_conch_r_giollag_in.mp3,,,,,
./irish/ga114_saíocht_na_gaeilge/bhar_breise_don_cheardlann/f_se_in/gaeltacht_2020_fosta_ocht_tg4_an_honest_account_of_modern_gaeltacht_life.mp4,653b060d4961795acba658199aaa5f0dbf2e75ebcde3c50747c9a115532e7ef3,5677699,gaeltacht_2020_fosta_ocht_tg4_an_honest_account_of_modern_gaeltacht_life.mp4,,,,,
./irish/ga114_saíocht_na_gaeilge/bhar_breise_don_cheardlann/f_se_in/c_ard_an_gaeltacht_dar_s_na_gaeltachta.mp4,1607a1c9d7c71c7bcf494c922e4cab75663a7715a61407b0d1bc6e18fb7fa2e0,10267674,c_ard_an_gaeltacht_dar_s_na_gaeltachta.mp4,,,,,
./irish/ga114_saíocht_na_gaeilge/bhar_breise_don_cheardlann/f_se_in/t_stal_na_gaeilge_2013_ag_t_g_il_clainne_tr_ghaeilge.mp4,3084f7d22a2c56c6cb9d7337834488ae0146555f33248118082a5ccfccd21fa3,36850151,t_stal_na_gaeilge_2013_ag_t_g_il_clainne_tr_ghaeilge.mp4,,,,,
./irish/ga114_saíocht_na_gaeilge/bhar_breise_don_cheardlann/pd_fanna/sochtheangeola_ocht/linguistic_study_of_the_use_of_irish_in_the_gaeltacht.pdf,ac0f734b828338bbd7b2d331a90ef5dda10a3bcf2d8b29e5e997d45aacc72230,692732,linguistic_study_of_the_use_of_irish_in_the_gaeltacht.pdf,,,,,
./irish/ga114_saíocht_na_gaeilge/bhar_breise_don_cheardlann/pd_fanna/na_s_chontae/c_ip_de_children_in_irish_medium_education_2001_2002_to_2019_2020.xlsx,53f806032c5e9c808a5ba7dfe79e5b41fd366225cb1a6209155758549ecc0029,19609,c_ip_de_children_in_irish_medium_education_2001_2002_to_2019_2020.xlsx,,,,,
./irish/ga114_saíocht_na_gaeilge/bhar_breise_don_cheardlann/pd_fanna/na_s_chontae/2011_census_results_key_statistics_northern_ireland_report_11_december_2012.pdf,9aec6b7017c34107ef4121aeadcde76b9827b1be330fc1d3281421f49f7b9799,382888,2011_census_results_key_statistics_northern_ireland_report_11_december_2012.pdf,,,,,
./irish/ga114_saíocht_na_gaeilge/bhar_breise_don_cheardlann/pd_fanna/plean_il_teanga/strait_is_20_bliain_leagan_gaeilge.pdf,bffe4996ea7b1020d91bbbce9cce8cdf914da26636c9fafadbb4972dea871500,156598,strait_is_20_bliain_leagan_gaeilge.pdf,,,,,
./irish/ga114_saíocht_na_gaeilge/bhar_breise_don_cheardlann/pd_fanna/plean_il_teanga/treoirl_nte_plean_la_teanga.pdf,cdeeaacf26878c36db402367ba4ef777dde281b482d38dc09259483ba0e48e2d,5597018,treoirl_nte_plean_la_teanga.pdf,,,,,
./irish/ga114_saíocht_na_gaeilge/bhar_breise_don_cheardlann/pd_fanna/dearcadh_an_phobail/the_irish_people_report_on_the_attitudes_towards_competence_in_and_use_of_the_irish_language_in_the_republic_of_ireland_in_2007_08.pdf,5706f938929a0d31e45dbc2963a1da2f60569f9aa79d78b855132022cfe6e78f,1474202,the_irish_people_report_on_the_attitudes_towards_competence_in_and_use_of_the_irish_language_in_the_republic_of_ireland_in_2007_08.pdf,,,,,
./irish/ga114_saíocht_na_gaeilge/bhar_breise_don_cheardlann/pd_fanna/pr_if_l_shocheacnama_och/gaeltacht_area_profile_english_online_0.pdf,68df96c2aaa0c2a3e6712e07e51b19f3f917494dd45b48c889dff321b003e5c8,30988530,gaeltacht_area_profile_english_online_0.pdf,,,,,
./irish/ga114_saíocht_na_gaeilge/bhar_breise_don_cheardlann/pd_fanna/pr_if_l_shocheacnama_och/gaeltacht_area_profile_irish_online.pdf,13f81586eb16deb17e6ae4ac2ce3953611932aef1490981b2ded02118ea73e39,31432770,gaeltacht_area_profile_irish_online.pdf,,,,,
./irish/ga114_saíocht_na_gaeilge/bhar_breise_don_cheardlann/pd_fanna/ag_t_g_il_clainne_le_gaeilge/ag_t_g_il_clainne_le_gaeilge.pdf,d83eae6e1231d740a7ac50dbe9ef7cf988ea2eee8a9efe81982d78df1899b673,2399214,ag_t_g_il_clainne_le_gaeilge.pdf,,,,,
./irish/ga114_saíocht_na_gaeilge/bhar_breise_don_cheardlann/pd_fanna/tuairisc_ar_an_ghaeilge_sa_ch_ras_oideachais_i_b_pnah_samhain_2017.pdf,0a4bcb896c24c7c86367096794062718d69951ecaeaf20fd72697f508ed9858d,521060,tuairisc_ar_an_ghaeilge_sa_ch_ras_oideachais_i_b_pnah_samhain_2017.pdf,,,,,
./irish/ga114_saíocht_na_gaeilge/bhar_breise_don_cheardlann/pd_fanna/daon_ireamh/profile_9_irish_speakers_combined_document.pdf,a5a87d236c9666dd07c8f6d3b1d614dc3ae553ba87d80163f4a35c53712b3eb2,572056,profile_9_irish_speakers_combined_document.pdf,,,,,
./irish/ga114_saíocht_na_gaeilge/bhar_breise_don_cheardlann/pd_fanna/daon_ireamh/caibidil_7_an_ghaeilge_agus_an_ghaeltacht_nuashonr.pdf,3d57aaaa6e3a48d69001896d92b63a1997b91ce8a45430235de2ca7e87f1f6e5,265630,caibidil_7_an_ghaeilge_agus_an_ghaeltacht_nuashonr.pdf,,,,,
./irish/ga114_saíocht_na_gaeilge/bhar_breise_don_cheardlann/pd_fanna/gaeltacht.pdf,01bae12a5ef303b8ac7fcd114cf529bbf864d664bdbcbcbfdd440e6eeebffc87,1363330,gaeltacht.pdf,,,,,
./irish/ga114_saíocht_na_gaeilge/bhar_breise_don_cheardlann/pd_fanna/eile/gaelsc_al_2012_05_02.pdf,c41b6970c34a7b429d66f6777d0a94fbc0e721eac0c22a56ea0b97d9961e4a88,28018127,gaelsc_al_2012_05_02.pdf,,,,,
./irish/ga114_saíocht_na_gaeilge/bhar_breise_don_cheardlann/pd_fanna/new_speakers_of_irish/new_speakers_of_irish_report.pdf,790fa9a8caf6908faa23e2236626793e73988e0fac27eaf549b294da15ac8d8d,1774069,new_speakers_of_irish_report.pdf,,,,,
./irish/ga114_saíocht_na_gaeilge/bhar_breise_don_cheardlann/eile/gaelscoil4all.jpg,af2e54bfbac8ee872030dc926c5f5805cd4b9651789c264649ac0d755040c4f7,325091,gaelscoil4all.jpg,,,,,
./irish/ga114_saíocht_na_gaeilge/bhar_breise_don_cheardlann/eile/an_phlean_il_teanga_1.jpeg,4f1e51c16be8695bb6cb0a9d3ab64c7bbd4730bf20c16a5ba07802587225ac60,361637,an_phlean_il_teanga_1.jpeg,,,,,
./irish/ga114_saíocht_na_gaeilge/bhar_breise_don_cheardlann/eile/seachtain_29_11_2017.jpeg,90471fb920eab737e3cb50aa4df26ba829bb74dac7725e8d1155f58ec097ffa7,851368,seachtain_29_11_2017.jpeg,,,,,
./irish/ga114_saíocht_na_gaeilge/bhar_breise_don_cheardlann/eile/an_phlean_il_teanga.jpeg,d8980ca498433ce6d05d83fb710e2000893d06129abd401ea54c5cb8b13edee4,916741,an_phlean_il_teanga.jpeg,,,,,
./irish/ga114_saíocht_na_gaeilge/bhar_breise_don_cheardlann/eile/c_ard_an_ghaeltacht_2020.docx,68f53408a241a3bcc62261d63d0424f40938f86ef57c18bdf04390147eb60266,16294,c_ard_an_ghaeltacht_2020.docx,,,,,
./irish/ga114_saíocht_na_gaeilge/bhar_breise_don_cheardlann/c_ard_an_ghaeltacht_2020.docx,7516b977beaf2c9d3926a35537400d9733989f480f538f333cf7532df6718b69,16283,c_ard_an_ghaeltacht_2020.docx,,,,,
./irish/ga114_saíocht_na_gaeilge/bhar_breise_don_cheardlann/sonra_maidir_leis_na_ceanneagra_ochta.docx,bdc6ca6c7e64576a6a5bc6fcfa89b062b2aff520148c9bc6db70f239b82efd08,18607,sonra_maidir_leis_na_ceanneagra_ochta.docx,,,,,
./irish/ga114_saíocht_na_gaeilge/attitudes_towards_irish_2015.pdf,96f01c7d25809e64f5ef21fc526896fa11a71c06783f5d884f07c653d3511d3f,2247582,attitudes_towards_irish_2015.pdf,,,,,
./irish/ga114_saíocht_na_gaeilge/aiste_sa_ocht_cian_mac_liath_in.pdf,559c2cfa656efdb6435cb2d49fa1aece8e0edfdd66e7cf92092b634fb16f565d,1514270,aiste_sa_ocht_cian_mac_liath_in.pdf,,,,,
./irish/ga114_saíocht_na_gaeilge/to_read/f_se_in_agus_l_ithre_in_ghr_as_in.docx,dcfd43fd73e53d92bb4fcb0d58ac4eb8ad2277f490c635877111b6bcb5a1ca55,3438144,f_se_in_agus_l_ithre_in_ghr_as_in.docx,,,,,
./irish/ga114_saíocht_na_gaeilge/to_read/dearcadh_an_phobail_i_leith_na_gaeilge_2015.pdf,308f4a0322b1d63c6f8fd627c2dd633cb81f60efbf879ef911b64cd526df55bc,2788906,dearcadh_an_phobail_i_leith_na_gaeilge_2015.pdf,,,,,
./irish/ga114_saíocht_na_gaeilge/to_read/nihrc_briefing_paper_minority_language_rights_and_ecrml_june_2010_2.pdf,2ccf3975de8f3552bebca725be1e7ed5598f236fa9a19a51510d1955e1b4300d,142763,nihrc_briefing_paper_minority_language_rights_and_ecrml_june_2010_2.pdf,,,,,
./irish/ga114_saíocht_na_gaeilge/to_read/30088631.pdf,fd4dd728105a34fbbf7d76f6d9f0d7ea6d528e3fcf88715a0340b755c09b7ba8,1039025,30088631.pdf,,,,,
./irish/ga114_saíocht_na_gaeilge/to_read/athbheochan_na_gaeilge.pdf,c46cdfa9fb360c7f72208a05ceac6199d9a6def7bfb4eefddb40f0382d004759,9525229,athbheochan_na_gaeilge.pdf,,,,,
./irish/ga114_saíocht_na_gaeilge/to_read/brian_o_curnain_mionteangu_gaeilge_lcc08_leagan_deiridh.pdf,2297b12151d4ee16c0425627fe860a35a1f125246d3423d4ee211e1b90cb9f1d,549666,brian_o_curnain_mionteangu_gaeilge_lcc08_leagan_deiridh.pdf,,,,,
./irish/ga114_saíocht_na_gaeilge/to_read/12_p_draig_tiarnaigh_ciar_n_mac_giolla_bh_in.pdf,580b113474356de9c040b44191d49e0d08b10111ba45626d1bcabc5e81c89dc3,803752,12_p_draig_tiarnaigh_ciar_n_mac_giolla_bh_in.pdf,,,,,
./irish/ga114_saíocht_na_gaeilge/to_read/barra_o_donnabhain_symposium.pdf,70f9f5f15df8b9a1c6692640199f0c3c944c3470b5cc6c3e3c057f3a147cbbf4,272299,barra_o_donnabhain_symposium.pdf,,,,,
./irish/ga114_saíocht_na_gaeilge/to_read/ed604949.pdf,7de0c8a74728826ab48df91c2554ebda17133d62f455145bce52e14286a4f760,1470881,ed604949.pdf,,,,,
./irish/ga114_saíocht_na_gaeilge/to_read/celebrating_a_shared_heritage.pdf,d1e882af4a70a5c0f8cb189d7e576d690e9f95bc4b7edd73ac63d2214139364c,2745438,celebrating_a_shared_heritage.pdf,,,,,
./irish/ga114_saíocht_na_gaeilge/to_read/smacht_an_st_it_smacht_ar_strae.pdf,44a489f7de69b507b814c31f25bd323a4ce616cc6d4f8307c6a1d16af7e7abca,2028827,smacht_an_st_it_smacht_ar_strae.pdf,,,,,
./irish/ga114_saíocht_na_gaeilge/to_read/athbheochan_na_gaeilge_2.pdf,80ff59c2c89b8f54754784ef1f9553689a0bf794585c5fc977f6342aba67e3bb,9525225,athbheochan_na_gaeilge_2.pdf,,,,,
./irish/ga114_saíocht_na_gaeilge/screenshot_2021_12_14_at_21_54_34.png,461ae29b855371465cc63703c5c8db2f603691a308d9725dd50061119165d7df,44998,screenshot_2021_12_14_at_21_54_34.png,,,,,
./irish/ga114_saíocht_na_gaeilge/bileog_st_le_roinn_na_gaeilge.pdf,1b07c01a0224f711863e2bf6c56ba216438ed3ad664f5bbac21a7b83163c8449,62768,bileog_st_le_roinn_na_gaeilge.pdf,,,,,
./irish/ga114_saíocht_na_gaeilge/bileog_oibre_an_ghaeilge_an_ghaeltacht_agus_plean_il_teanga.pdf,4240fba1f2c6524204cfb835d6ee21be5b0f6a27c159db748b0434e0ff4a87f9,1851042,bileog_oibre_an_ghaeilge_an_ghaeltacht_agus_plean_il_teanga.pdf,,,,,
./irish/ga114_saíocht_na_gaeilge/an_ghaeilge_an_ghaeltacht_agus_plean_il_teanga_l_acht.docx,e77324cb036c9f516f034b2bf362773e7e882f18889a5d2ad2190e1d29535bc5,699509,an_ghaeilge_an_ghaeltacht_agus_plean_il_teanga_l_acht.docx,,,,,
./irish/ga114_saíocht_na_gaeilge/sa_ocht_na_gaeilge_agus_na_gaeltachta.docx,3ab483ed9b27ea3dd6f6635e72a319c437768676da51dd3b2cc3a201c4a71460,32990,sa_ocht_na_gaeilge_agus_na_gaeltachta.docx,,,,,
./irish/ga114_saíocht_na_gaeilge/ceisteanna.docx,e225c971d143f63a31373817d536095e438a4667edfc6b8ce39fab0bd7d0c9bb,608642,ceisteanna.docx,,,,,
./irish/ga114_saíocht_na_gaeilge/an_ghaeilge_an_ghaeltacht_agus_plean_il_teanga.pptx,1223c2865510b0e5fade0ac98b74e98b0b176babe9c82d4240c79da062c1f106,8781439,an_ghaeilge_an_ghaeltacht_agus_plean_il_teanga.pptx,,,,,
./irish/cian_mac_liath_in_léirmheas.docx,4500f54725c2f4a1695f66b63f331d0bdd34b439325f89cf0cc2cb0899a38576,20991,cian_mac_liath_in_léirmheas.docx,,,,,
./irish/gaeilge.pdf,39d0019a9daad3c2bcfdf39f7a8cdea5da7d4db28182cb18bbcfd134d2c2b9e4,5982270,gaeilge.pdf,,,,,
./irish/gf107_an_scríbhneoireacht_acadúil/aonad_1/01_gf107_aonad_1_2022_23.pdf,d53610a6c322d9dd69989edc1f7505bcf38458a3840a1d8acb29640d777c4e58,192705,01_gf107_aonad_1_2022_23.pdf,,,,,
./irish/gf107_an_scríbhneoireacht_acadúil/aonad_1/an_sliocht_do_thasc_na_seachtaine_seo_seachtain_1.docx,02c232da391cbc75436e358bc8f5a3c394e57ab91daed3fc019b7e541b80275b,14691,an_sliocht_do_thasc_na_seachtaine_seo_seachtain_1.docx,,,,,
./irish/gf107_an_scríbhneoireacht_acadúil/aonad_1/00_gf107_r_amhr_2022_23.pdf,3ddf1506c603800d8fa245fcb3285092b7662aadac303c98262f779ca7099f76,140653,00_gf107_r_amhr_2022_23.pdf,,,,,
./irish/gf107_an_scríbhneoireacht_acadúil/aonad_2/tasc_seachtain_2_1.doc,69b02e0d4ea8c1e9da0b92f138d7c2f554a8132f53227d9cad50d028c2ac8e54,33280,tasc_seachtain_2_1.doc,,,,,
./irish/gf107_an_scríbhneoireacht_acadúil/aonad_2/02_gf107_aonad_2_2022_23.pdf,eba2954603e3ee7bef1e25ebce4c7943822da184ffc3a6b932ee5e8fac95f9d2,186465,02_gf107_aonad_2_2022_23.pdf,,,,,
./irish/gf107_an_scríbhneoireacht_acadúil/00_gf107_r_amhr_2022_23.pdf,30a241e73242e54f2a91e34910c8dfa134d4467a482f93716cced9432d9dc382,140851,00_gf107_r_amhr_2022_23.pdf,,,,,
./irish/scrúd_scríofa_cian.docx,88760a0a01bba10b960f1e5cdeb64cc9e755eba5f2ef47c59b491eb493072fca,17813,scrúd_scríofa_cian.docx,,,,,
./irish/clár_ama_na_bliana_acadúla_2020.docx,faefd0667b82999694f14c5cfcdf2f51d4fbc1e754ec1f287d76cd8801a7a265,15811,clár_ama_na_bliana_acadúla_2020.docx,,,,,
./irish/ga101_ceart_na_gaeilge_1/scr_d_scr_ofa/c1_bliain_1_2020.docx,284269bdd6e7e11209bc1b3dca2176010553a22d62e9e4b8d0b94f347e19ca43,701196,c1_bliain_1_2020.docx,,,,,
./irish/ga101_ceart_na_gaeilge_1/scr_d_scr_ofa/scr_duithe_scr_ofa_an_diopl_ma.docx,174986757f3f098237687d9cd7b8be48e1fdd754edaf7f9007987c501d456652,19933,scr_duithe_scr_ofa_an_diopl_ma.docx,,,,,
./irish/ga101_ceart_na_gaeilge_1/scr_d_scr_ofa/treoracha_c1_bliain_1.docx,9933c01e1c9e92e592dbb61ddef5702d033943d0aa585caf21b49bc260e1702f,16205,treoracha_c1_bliain_1.docx,,,,,
./irish/ga101_ceart_na_gaeilge_1/scr_d_scr_ofa/scr_d_scr_ofa_cian.pages,bfe0844b21040c72dc3849703917d5fa34a3988e38ce071755d3799dd78ce086,317117,scr_d_scr_ofa_cian.pages,,,,,
./irish/ga101_ceart_na_gaeilge_1/scr_d_scr_ofa/athscr_d_c1_bliain_1_2020.docx,ef4f6ca4f3ad0a0f5ec84f2f725630b9134ba77fad35fb63a58d955cb0b2d9b3,175446,athscr_d_c1_bliain_1_2020.docx,,,,,
./irish/ga101_ceart_na_gaeilge_1/scr_d_scr_ofa/an_diopl_ma_sa_ghaeilge_instructions_about_examinations_en.docx,81df47df27ee39fd347dc45cf48fd8f3c2817174652282f70e8ec5a894adac11,18945,an_diopl_ma_sa_ghaeilge_instructions_about_examinations_en.docx,,,,,
./irish/ga101_ceart_na_gaeilge_1/scr_d_scr_ofa/scr_d_scr_ofa_cian.docx,862db305a3b1a96b6b537060641dd62d206b0075ea7dce3e459694b6ef5660e0,12089,scr_d_scr_ofa_cian.docx,,,,,
./irish/ga101_ceart_na_gaeilge_1/scr_d_scr_ofa/an_diopl_ma_sa_ghaeilge_treoracha_maidir_le_scr_duithe_ga.docx,566ddcd5ffce36e09b70b4f9d6eb6a80f9bcbcc6a39ae8ea46d6a28bf5b9eb87,20744,an_diopl_ma_sa_ghaeilge_treoracha_maidir_le_scr_duithe_ga.docx,,,,,
./irish/ga101_ceart_na_gaeilge_1/obair_bhaile/obair_bhaile_seachtain_18_cian_mac_liath_in.docx,7406e0fd08e72ce95dbb18d66d37b0d9c234a9efd2a64743defc23454c69d827,19614,obair_bhaile_seachtain_18_cian_mac_liath_in.docx,,,,,
./irish/ga101_ceart_na_gaeilge_1/obair_bhaile/obair_bhaile_le_haghaidh_seachtain_11.docx,82c39d403235ad9d6dde3b4b75b7c219ff7927ce36d8140b9a8f1fd63f8cc1a7,24230,obair_bhaile_le_haghaidh_seachtain_11.docx,,,,,
./irish/ga101_ceart_na_gaeilge_1/obair_bhaile/obair_bhaile_seachtain_12.odt,0bcd96f06399bc5c214dfc779e4915f44f95fad7fba6663ea1004e105d4951b9,7163,obair_bhaile_seachtain_12.odt,,,,,
./irish/ga101_ceart_na_gaeilge_1/obair_bhaile/obair_bhaile_seachtain_13.docx,5faac61b84410a691168efe5711c5f4dc16ad342dcc6f0f20cdcd8d09235e48c,14437,obair_bhaile_seachtain_13.docx,,,,,
./irish/ga101_ceart_na_gaeilge_1/obair_bhaile/obair_bhaile_seachtain_14.docx,40d43fc24a92559e949f07022876794e853dc15049f55829975ed03ce6b55cd6,14503,obair_bhaile_seachtain_14.docx,,,,,
./irish/ga101_ceart_na_gaeilge_1/obair_bhaile/obair_bhaile_seachtain_15.docx,4c1806668960b006a2068c605cf215196392bab59aa8a8ec1d21046cd06bcc62,16292,obair_bhaile_seachtain_15.docx,,,,,
./irish/an_dioplóma_sa_ghaeilge_bliain_2_treoracha_maidir_le_measúnú_1.docx,b21fc8ec09e27e324c2272e205ae047425f009cd76271bff3526572cd3b0310a,19530,an_dioplóma_sa_ghaeilge_bliain_2_treoracha_maidir_le_measúnú_1.docx,,,,,
./irish/gf101_an_prós_comhaimseartha/aonad_1/reamhra_gearrscealta_ar_linne.pdf,89a3901a8c5c73a81f8296e9c991463549303134eebc3da4d3a897a320ff22c4,3461459,reamhra_gearrscealta_ar_linne.pdf,,,,,
./irish/gf101_an_prós_comhaimseartha/aonad_1/01_gf101_aonad_1_2022_23_3.pdf,6c2ee7c1412dfc33cd1cb56d8a212eb3634b6b1a822dcb05155239ea02ec19c5,99209,01_gf101_aonad_1_2022_23_3.pdf,,,,,
./irish/gf101_an_prós_comhaimseartha/aonad_1/aonad_a_haon.mp4,47554fb65015d7a4700c5cb4a9494b56631c3a9c6596d4bcb4f0e2bf699c61b5,6381631,aonad_a_haon.mp4,,,,,
./irish/gf101_an_prós_comhaimseartha/00_gf101_r_amhr_2022_23_1.pdf,721919816b7e15b5f749dbaf8af491dd74202ecc3d52da1dd99a24552a934610,135143,00_gf101_r_amhr_2022_23_1.pdf,,,,,
./irish/gf101_an_prós_comhaimseartha/aonad_2/aonad_a_2.mp4,ca32350bff500cdd40690e6dc4a7a6cd3bae574a354c24fe84981e59dd1a9534,7913475,aonad_a_2.mp4,,,,,
./irish/gf101_an_prós_comhaimseartha/aonad_2/na_d_ithe_luachmhara_deiridh.pdf,f33826c01f439ab57e6d125c87eadcd1141d7f425ae08fd5357c4b0fff63ae4f,1714028,na_d_ithe_luachmhara_deiridh.pdf,,,,,
./irish/gf101_an_prós_comhaimseartha/aonad_2/02_gf101_aonad_2_2022_23.pdf,f8554147fdc3c4258064c1f5dce16ef0c104b1df833658beee7c6b6ce4ad06d1,45343,02_gf101_aonad_2_2022_23.pdf,,,,,
./past/Consumer_Util_Budget.ppt,fe8dcac025a77b91ea8930e7605b117e417eb7b1e7e70956e0af31fc22e13a58,931328,Consumer_Util_Budget.ppt,,,,,
./past/Circles.pdf,e40b26761f281504c114ebfa202a09e8e8ca384d1c37c93655e985c87f7eac1a,177381,Circles.pdf,,,,,
./past/socandpol.docx,2738c00ec2b01ecb4bbce7cbf5470d07fc54cea5f5ec1e89795f8daf82e7222b,22812,socandpol.docx,,,,,
./past/answerstohomework5summer2012.doc,362ee5c7dbbd552278b099f354c43bfeeb13c7af122e9ab5011d3aea617009d7,129536,answerstohomework5summer2012.doc,,,,,
./past/case.docx,3f210c42d3261c466ac941186296baac1be7d0cbce99952096cd78947e2bae0a,264452,case.docx,,,,,
./education/11476078_psychology_assignment_1.docx,e0a9adc9aeab6be670470465ac2e052fe34088a44bb7ebd493703bba8f162eab,16698,11476078_psychology_assignment_1.docx,,,,,
./education/4bme1_placement_balefired/4_further_participation/further_participation.docx,08b7bb07866e04a609045cb757c358cd4af381961b1612ad1e405841f226b4ef,16004,further_participation.docx,,,,,
./education/4bme1_placement_balefired/2_plans_preparation_resources/assessments/1st_years_tests/integers_test.docx,614621a67af5b48d17023f5de550be0dc0bf051217611616898d04c8829f5d27,218681,integers_test.docx,,,,,
./education/4bme1_placement_balefired/2_plans_preparation_resources/assessments/1st_years_tests/numbers_test.docx,d0f8737d0700eb3e9c908f53b1d712240f1d41ee27e580ca33b9d670833c42fe,127440,numbers_test.docx,,,,,
./education/4bme1_placement_balefired/2_plans_preparation_resources/assessments/1st_years_tests/percentages_test.docx,2d72ceeb7754aa6075cce782b1ba101894651f3c9c870351b9bd3360f487c3f6,152722,percentages_test.docx,,,,,
./education/4bme1_placement_balefired/2_plans_preparation_resources/assessments/5th_years_tests/length_area_volume_test.pdf,99170849e12828ebacb671331471623fa625fa4da54000743b40adc77b39c998,776539,length_area_volume_test.pdf,,,,,
./education/4bme1_placement_balefired/2_plans_preparation_resources/assessments/5th_years_tests/algebra_test.docx,0b8328d05e9629e68b8f7cdafdc6344e90019b9a1cfe097d4c2db7d9abe83abd,15954,algebra_test.docx,,,,,
./education/4bme1_placement_balefired/2_plans_preparation_resources/assessments/5th_years_tests/statistics_test.docx,a5896845041451506a8e2cef1971c89fb28194268d05a9d0862f079e87cbf4eb,127727,statistics_test.docx,,,,,
./education/4bme1_placement_balefired/2_plans_preparation_resources/assessments/student_artifacts.pdf,9be07eaa726d9155e49f5d45e1dc5b1c8030019302ee7d549290a5ca25926e02,48598981,student_artifacts.pdf,,,,,
./education/4bme1_placement_balefired/2_plans_preparation_resources/syllabus_and_teaching_guides/junior_cycle/project_maths_1st_year_handbook.pdf,1db89fca4163b36d0858d9b1cedc94386db1398adf6f765648ff27cee7bfdd97,2244292,project_maths_1st_year_handbook.pdf,,,,,
./education/4bme1_placement_balefired/2_plans_preparation_resources/syllabus_and_teaching_guides/junior_cycle/key_skills_junior_cycle.pdf,a0394e8bd141c98b257b4952f692dfe308059cd68991337f9c0e7ac5e134a9d2,338393,key_skills_junior_cycle.pdf,,,,,
./education/4bme1_placement_balefired/2_plans_preparation_resources/syllabus_and_teaching_guides/junior_cycle/framework_for_junior_cycle_2015.pdf,97ee550fb5885e266744c4c8fca7f25b1ba2f4a00209768b6ad7ededceb9fdde,2475369,framework_for_junior_cycle_2015.pdf,,,,,
./education/4bme1_placement_balefired/2_plans_preparation_resources/syllabus_and_teaching_guides/junior_cycle/teaching_learning_plans/introduction_to_equations.pdf,12b66ff866a3e5d9da0329698e5dea5fca29ebc27927caef10b6b965c1c3aed2,2134077,introduction_to_equations.pdf,,,,,
./education/4bme1_placement_balefired/2_plans_preparation_resources/syllabus_and_teaching_guides/junior_cycle/teaching_learning_plans/integers.pdf,681a15044dbafe3c9cc88af3722081a2b592647089ae99cfd3ba3506e9f353e1,3531116,integers.pdf,,,,,
./education/4bme1_placement_balefired/2_plans_preparation_resources/syllabus_and_teaching_guides/junior_cycle/teaching_learning_plans/fractions.pdf,5a1f0f30da3b6a7460ec6870876b9b22a41dc62e7ef235014645ed9c09c49821,1872953,fractions.pdf,,,,,
./education/4bme1_placement_balefired/2_plans_preparation_resources/syllabus_and_teaching_guides/junior_cycle/primary_school_curriculum.pdf,a065d6b1874821d84f6d480041d9a050443967c660ef99ce9b137356ae60478f,663628,primary_school_curriculum.pdf,,,,,
./education/4bme1_placement_balefired/2_plans_preparation_resources/syllabus_and_teaching_guides/junior_cycle/maths_bridging_from_primary_to_secondary.pdf,23d4568d6e4cecdf3d509dbd7dea7ff04e3ec0ac476d42d6d1c4befceeae2291,145767,maths_bridging_from_primary_to_secondary.pdf,,,,,
./education/4bme1_placement_balefired/2_plans_preparation_resources/syllabus_and_teaching_guides/junior_cycle/maths_bridging_glossary.pdf,fb5d1af637f7760745af4a8eef122512c14ee25cb43e442ba4681ea8e0e56fee,1500788,maths_bridging_glossary.pdf,,,,,
./education/4bme1_placement_balefired/2_plans_preparation_resources/syllabus_and_teaching_guides/junior_cycle/assessment_guidelines_mathematics_2019.pdf,575944402dcce57969007aef20b7b0671359402a8a328d54ba31521d71df4c9f,582979,assessment_guidelines_mathematics_2019.pdf,,,,,
./education/4bme1_placement_balefired/2_plans_preparation_resources/syllabus_and_teaching_guides/junior_cycle/jcsp_school_numeracy_plan.pdf,9a8a83f935381cf32e2a5d7d2b1851afae20b9424e83caa3f2ad140fffe6b435,817978,jcsp_school_numeracy_plan.pdf,,,,,
./education/4bme1_placement_balefired/2_plans_preparation_resources/syllabus_and_teaching_guides/junior_cycle/maths_syllabus_junior_cycle.pdf,694b083d9b5f0fa016c3202aa8fdfc643e902675a83d2f6c412faf11dda248e9,828781,maths_syllabus_junior_cycle.pdf,,,,,
./education/4bme1_placement_balefired/2_plans_preparation_resources/syllabus_and_teaching_guides/junior_cycle/junior_cycle_mathematics_specification.pdf,3f86fb709ab079667b45479cf5eafb94176dc281f550168abb311c1a3e40c5aa,1174271,junior_cycle_mathematics_specification.pdf,,,,,
./education/4bme1_placement_balefired/2_plans_preparation_resources/syllabus_and_teaching_guides/senior_cycle/key_skills_senior_cycle.pdf,c5659b1d57323cea9b5e897326ff0ca0e547cb06c0f1773e4a8d182bd49058e2,181294,key_skills_senior_cycle.pdf,,,,,
./education/4bme1_placement_balefired/2_plans_preparation_resources/syllabus_and_teaching_guides/senior_cycle/maths_syllabus_senior_cycle.pdf,08091d2e7b9f5d731537a6e03c169140e553c31a492084be2a309976952a7398,7386663,maths_syllabus_senior_cycle.pdf,,,,,
./education/4bme1_placement_balefired/2_plans_preparation_resources/syllabus_and_teaching_guides/transition_year/transition_year_school_guidelines.pdf,56ecde4f99f02073495f38b8454743a4373656ed3caa7f6776bef3bf7bc2d00d,109147,transition_year_school_guidelines.pdf,,,,,
./education/4bme1_placement_balefired/2_plans_preparation_resources/resources/3rd_years/array_method_factorisation_questions_book.pdf,b70c363cb58893bbad0096770c0fc968dea1808db52019768d998c33e9bfe130,1704173,array_method_factorisation_questions_book.pdf,,,,,
./education/4bme1_placement_balefired/2_plans_preparation_resources/resources/3rd_years/inequalities_and_number_line_questions_book.png,ae47b1993e46acbdb8a05e020a536a58d9fbc82d5c2a6c18bf593eb1a3ce180f,1023023,inequalities_and_number_line_questions_book.png,,,,,
./education/4bme1_placement_balefired/2_plans_preparation_resources/resources/3rd_years/functions_domain_range_codomain_questions_book.pdf,f213e891f0a202772d829c200f1f7dd998037980fec6374f425fa1a7a19c0bf2,2682378,functions_domain_range_codomain_questions_book.pdf,,,,,
./education/4bme1_placement_balefired/2_plans_preparation_resources/resources/3rd_years/solve_linear_inequalities_questions_book.png,a1a1d43e64d611695f954c9eb84f5ace32b03d1f574cb4634feefda13c1cf489,892894,solve_linear_inequalities_questions_book.png,,,,,
./education/4bme1_placement_balefired/2_plans_preparation_resources/resources/3rd_years/function_machines_questions_book.pdf,f77e7fca5343feb06f3b81c6287d06f8e3013342c68a5ff80d474551ee8d0594,796500,function_machines_questions_book.pdf,,,,,
./education/4bme1_placement_balefired/2_plans_preparation_resources/resources/3rd_years/factorising_quadratic_expressions_positive_terms_book.png,26741cbbe91aca88610dabbbf38adf1124287ec1d5c8f515ed791edd268ebf2b,1380701,factorising_quadratic_expressions_positive_terms_book.png,,,,,
./education/4bme1_placement_balefired/2_plans_preparation_resources/resources/3rd_years/factorise_by_grouping_questions_book.png,ba72d1dce8c96f269b379818483e59f174b2157656f7b6dd27f83a8972e3b6e2,1322549,factorise_by_grouping_questions_book.png,,,,,
./education/4bme1_placement_balefired/2_plans_preparation_resources/resources/3rd_years/simplifying_algebraic_fractions_questions_book.png,18bf221ca8374b16ec30bd147aeea3f626aff6f691d381acbd4f0735335ff873,490101,simplifying_algebraic_fractions_questions_book.png,,,,,
./education/4bme1_placement_balefired/2_plans_preparation_resources/resources/3rd_years/simultaneous_equations_questions_book.pdf,66fc60eaa08f6ebbf1712ad91d2e1d185cd2f555889f36cf0aa17867665b4082,950136,simultaneous_equations_questions_book.pdf,,,,,
./education/4bme1_placement_balefired/2_plans_preparation_resources/resources/3rd_years/solving_quadratic_equations_questions_book.png,1385119ae018e4901d2d38a4e811619398e6a7fe77af0c7f9ab9ad2fc8989fc5,979097,solving_quadratic_equations_questions_book.png,,,,,
./education/4bme1_placement_balefired/2_plans_preparation_resources/resources/3rd_years/factorising_quadratic_expressions_negative_middle_term_book.png,26741cbbe91aca88610dabbbf38adf1124287ec1d5c8f515ed791edd268ebf2b,1380701,factorising_quadratic_expressions_negative_middle_term_book.png,,,,,
./education/4bme1_placement_balefired/2_plans_preparation_resources/resources/3rd_years/algebraic_fractions_equations_questions_book.png,53ad2603f068371e8a77c45a32f52878716bf8c3f61f8d24e46c8e6e07dec55c,290889,algebraic_fractions_equations_questions_book.png,,,,,
./education/4bme1_placement_balefired/2_plans_preparation_resources/resources/3rd_years/lcm_and_fractions_questions_book.png,c854d8cf08d3260b3384b0b604815536f295af9f774983337b30b1dedb70422c,464849,lcm_and_fractions_questions_book.png,,,,,
./education/4bme1_placement_balefired/2_plans_preparation_resources/resources/3rd_years/factorising_quadratic_expressions_negative_third_term_book.png,3610a67a56cd5b56619488d20dff2ec22228877a5850daff14cea69e7f0d2f1a,964494,factorising_quadratic_expressions_negative_third_term_book.png,,,,,
./education/4bme1_placement_balefired/2_plans_preparation_resources/resources/3rd_years/function_notation_questions_book.pdf,ba351f0c7b7397dff28b8c0275f834b16f47e80587c12a3c54b1e3b2b18c2284,1101921,function_notation_questions_book.pdf,,,,,
./education/4bme1_placement_balefired/2_plans_preparation_resources/resources/3rd_years/difference_of_two_squares_questions_book.png,f9379633e70cf24174568df86f3a8ceabdab1e7d3679dd7c44ede46b364cc64f,962851,difference_of_two_squares_questions_book.png,,,,,
./education/4bme1_placement_balefired/2_plans_preparation_resources/resources/5th_years/nets_surface_area_worksheet.docx,6ec8547df168c3fd468fd4e1385eff43a265a9f8b894150b95671ef1b61e8d18,94353,nets_surface_area_worksheet.docx,,,,,
./education/4bme1_placement_balefired/2_plans_preparation_resources/resources/5th_years/fraction_wall.pdf,4d0ce99a7dc390100dcf4290c2655d33e88fccf9758ec5b867146fb0eb162ff4,59061,fraction_wall.pdf,,,,,
./education/4bme1_placement_balefired/2_plans_preparation_resources/resources/5th_years/range_questions_book.pdf,3792227818019209cd24b173d1bd7faab251e10ee8293bd0c0db3536144c4a97,1578620,range_questions_book.pdf,,,,,
./education/4bme1_placement_balefired/2_plans_preparation_resources/resources/5th_years/length_area_volume_test.pdf,99170849e12828ebacb671331471623fa625fa4da54000743b40adc77b39c998,776539,length_area_volume_test.pdf,,,,,
./education/4bme1_placement_balefired/2_plans_preparation_resources/resources/5th_years/decimals_comparison.pdf,76232cb07b7cda0db3c1ed2c469490a0b470f84313973b98ca28236a713c04e9,26251,decimals_comparison.pdf,,,,,
./education/4bme1_placement_balefired/2_plans_preparation_resources/resources/5th_years/combination_area_and_circumference_questions_book.pdf,08449b14c5944726054814528f9fd3b0131b46a603804f4ad7feb018edf8e3d8,1427322,combination_area_and_circumference_questions_book.pdf,,,,,
./education/4bme1_placement_balefired/2_plans_preparation_resources/resources/5th_years/double_inequalities_questions_book.png,e56d08879cbc1b6af57c8b8c29d7263ddafe18c6607efe6ed69715a4d57b565a,1119174,double_inequalities_questions_book.png,,,,,
./education/4bme1_placement_balefired/2_plans_preparation_resources/resources/5th_years/volume_of_cylinder.ggb,f0d0a23d6c49c05686942ff6f9495d7542b0234f39df2571f7c1e6ce0a1a7f4f,22384,volume_of_cylinder.ggb,,,,,
./education/4bme1_placement_balefired/2_plans_preparation_resources/resources/5th_years/net_of_a_cube.ggb,6fc31ffb6fc6e3746653622a02e1135060fce9ff67bd0673cc89a9ed59223e0c,19011,net_of_a_cube.ggb,,,,,
./education/4bme1_placement_balefired/2_plans_preparation_resources/resources/5th_years/rectangular_volume.ggb,3791616c8d893613fe682e26c3bf62122cd7ebb234c331acbb37a87eca751082,7650,rectangular_volume.ggb,,,,,
./education/4bme1_placement_balefired/2_plans_preparation_resources/resources/5th_years/surface_area_questions_book.pdf,d2fe0ca50a4fc8da513bc16736cfade109c673f95ea7c07eb17c20fd483183af,1702705,surface_area_questions_book.pdf,,,,,
./education/4bme1_placement_balefired/2_plans_preparation_resources/resources/5th_years/area_power_point.ppt,6bca387dd3e2ede4a56722d781a4ade38bc922bcbdffca799dd9639856fb152b,11287552,area_power_point.ppt,,,,,
./education/4bme1_placement_balefired/2_plans_preparation_resources/resources/5th_years/double_stem_and_leaf_plot_questions_book.pdf,1626f7100074fcccc847721d299a3b9714bf4c06342a683c20e57921a8e2c51c,1566350,double_stem_and_leaf_plot_questions_book.pdf,,,,,
./education/4bme1_placement_balefired/2_plans_preparation_resources/resources/5th_years/frequency_tables_questions_book.pdf,33703ab40241426e8d8be27c7ed9207db240052cf8485d8f44518dfeb37bfe4b,2018052,frequency_tables_questions_book.pdf,,,,,
./education/4bme1_placement_balefired/2_plans_preparation_resources/resources/5th_years/statistics_questions_book.pdf,ca85bf121eb9119c2cab1affff9b5b0f8b3adc9f74a82d2587665955d896759f,5052979,statistics_questions_book.pdf,,,,,
./education/4bme1_placement_balefired/2_plans_preparation_resources/resources/5th_years/inequalities_questions_book.png,83289c53e8896ab120e8387f1d99103c1b7e494a592188b7b5d715be12b0e25c,658295,inequalities_questions_book.png,,,,,
./education/4bme1_placement_balefired/2_plans_preparation_resources/resources/5th_years/multiplying_fractions_area_model.ggb,264f5340cd6613e6610746af63e7bf257cdea41c111b673055702dc26e2bb328,12321,multiplying_fractions_area_model.ggb,,,,,
./education/4bme1_placement_balefired/2_plans_preparation_resources/resources/5th_years/simplify_expressions_and_brackets_questions_book.pdf,8eca0b22480f2b000d7cfafc045a5b0c139b5949601aa2a21c43823556ac7a99,1119285,simplify_expressions_and_brackets_questions_book.pdf,,,,,
./education/4bme1_placement_balefired/2_plans_preparation_resources/resources/5th_years/net_of_a_cylinder.ggb,4a20d741047d05853fb32990056d66a6c654efc06267eec83006539dd1d5e966,22944,net_of_a_cylinder.ggb,,,,,
./education/4bme1_placement_balefired/2_plans_preparation_resources/resources/5th_years/circle_area_questions_book.pdf,236d565105596d30f0a56ac28b6e5e39d88facc87aa3b700515cc115e03bc017,1410357,circle_area_questions_book.pdf,,,,,
./education/4bme1_placement_balefired/2_plans_preparation_resources/resources/5th_years/mode_questions_book.pdf,c14810c7764e3d0644a8f83d3aafe4cc877c6cdb107a67630d1cb513fd169589,1811394,mode_questions_book.pdf,,,,,
./education/4bme1_placement_balefired/2_plans_preparation_resources/resources/5th_years/rectangular_and_triangular_area_questions_book.pdf,b59138c13b80830ad7ee9fce9975b8b704cd53618e8e998badcb065c5653ff0a,1190689,rectangular_and_triangular_area_questions_book.pdf,,,,,
./education/4bme1_placement_balefired/2_plans_preparation_resources/resources/5th_years/statistics_mode.pptx,9e5a4d2efee41c6dfc1a47b026c041d36b83a0c2b7678c40985487cd2302bccf,3999343,statistics_mode.pptx,,,,,
./education/4bme1_placement_balefired/2_plans_preparation_resources/resources/5th_years/rectangular_area_questions_book.png,e3ba9b10d2a856f5ef1515ccfa9baeece88f52ca6b8f51e1cbfe05722842cc6e,521981,rectangular_area_questions_book.png,,,,,
./education/4bme1_placement_balefired/2_plans_preparation_resources/resources/5th_years/indices_questions_book.png,3ddc67fdba7985283544911e1bdcb34490344da644846e20f1b52dbace5c925a,996582,indices_questions_book.png,,,,,
./education/4bme1_placement_balefired/2_plans_preparation_resources/resources/5th_years/pie_charts.pptx,866c372785bb8f88fb3eb381cca76fa2148fb77b17c0127a0c30d9c2acfcd7ab,3552007,pie_charts.pptx,,,,,
./education/4bme1_placement_balefired/2_plans_preparation_resources/resources/5th_years/dividing_fractions.pdf,b447ab0047e7d4230981646871a34f2a6322e79b06b070b904f00ecb030dd559,369162,dividing_fractions.pdf,,,,,
./education/4bme1_placement_balefired/2_plans_preparation_resources/resources/5th_years/decimals_questions_book.pdf,4fbc0de1e0b4d19d127472cce8292a77de7184387a7a625253c3cc9198da7255,1121995,decimals_questions_book.pdf,,,,,
./education/4bme1_placement_balefired/2_plans_preparation_resources/resources/5th_years/surface_area.pptx,2df77a4eb8a9a396eefc6a4c9a53ae0598d6335147026408982f770b2be29371,8254173,surface_area.pptx,,,,,
./education/4bme1_placement_balefired/2_plans_preparation_resources/resources/5th_years/solving_linear_equations_questions_book.png,2f4a075b91bcc5e46adfb936f7073ae7d066b7b58892a37870a736f146c2ab13,1231630,solving_linear_equations_questions_book.png,,,,,
./education/4bme1_placement_balefired/2_plans_preparation_resources/resources/5th_years/place_values.pdf,5e2690c3c8aac068fe6fd9315ea2414dae39e9798c09eb8ee3711381eeffa899,373244,place_values.pdf,,,,,
./education/4bme1_placement_balefired/2_plans_preparation_resources/resources/5th_years/multiplying_and_dividing_integers_questions_book.png,27ce37d195b1d2fda123529c3c2102aef41707c112a0b542f52dac5cecf55958,1069029,multiplying_and_dividing_integers_questions_book.png,,,,,
./education/4bme1_placement_balefired/2_plans_preparation_resources/resources/5th_years/presenting_data_test.jpeg,b5218413fa513bba2252c6e5f902dbd200322659145dcd607fd75e6802a1e213,71002,presenting_data_test.jpeg,,,,,
./education/4bme1_placement_balefired/2_plans_preparation_resources/resources/5th_years/types_of_numbers_questions_book.pdf,b99ade9fba7e60769e1f13e1ca6a6d54887824fbdd7885752830647966f1d05f,1888253,types_of_numbers_questions_book.pdf,,,,,
./education/4bme1_placement_balefired/2_plans_preparation_resources/resources/5th_years/rectangular_solids_volume_questions_book.pdf,5d951285456b8259ed1e72711d8fa6984d7950d37e341cccb9fb1d153d7dfc76,1333848,rectangular_solids_volume_questions_book.pdf,,,,,
./education/4bme1_placement_balefired/2_plans_preparation_resources/resources/5th_years/number_line.pdf,b7dd926e83de0fcc97d7236c75c313a1eb4ef629b40b06672ec44b7dd50a0a98,50986,number_line.pdf,,,,,
./education/4bme1_placement_balefired/2_plans_preparation_resources/resources/5th_years/further_word_problems_book.pdf,f9b513706f3366d050371aca9280094be0d09b61cfa7441505d5ebb1a779ab7e,1895574,further_word_problems_book.pdf,,,,,
./education/4bme1_placement_balefired/2_plans_preparation_resources/resources/5th_years/rounding_decimals_questions_book.pdf,829b111c473031c61525d0656cef7241bba264c7c558d794778368736aacb42c,1483519,rounding_decimals_questions_book.pdf,,,,,
./education/4bme1_placement_balefired/2_plans_preparation_resources/resources/5th_years/surface_area_nets.pdf,b4324e49696d1f699a18ba86ec60f3d301f44faaa4caa6c668d2bf17fc83cd06,2330967,surface_area_nets.pdf,,,,,
./education/4bme1_placement_balefired/2_plans_preparation_resources/resources/5th_years/stem_and_leaf_plots_questions_book.pdf,5ad31362691ae6f43ef9425e8e3037753865a1c6117f9f89c349bff56dd40b9f,1923209,stem_and_leaf_plots_questions_book.pdf,,,,,
./education/4bme1_placement_balefired/2_plans_preparation_resources/resources/5th_years/area_cicle.ggb,41ba165a278eaa32a02d40ca4ed0bb43c064e73fb6de89c55e1fb4816c04c98c,22112,area_cicle.ggb,,,,,
./education/4bme1_placement_balefired/2_plans_preparation_resources/resources/5th_years/scientific_notation.pdf,d4efd95cb1e61e30d2112dc5a48c11dc2fd14c3c3e357604cd77ac6b2f9482f1,331737,scientific_notation.pdf,,,,,
./education/4bme1_placement_balefired/2_plans_preparation_resources/resources/5th_years/values_of_expressions_questions_book.pdf,b6d2408c1dd0026a89ff8b78f11d9146683f90318e57aac9264e4e93c6f789ed,988324,values_of_expressions_questions_book.pdf,,,,,
./education/4bme1_placement_balefired/2_plans_preparation_resources/resources/5th_years/circumference_questions_book.pdf,0f4e34af3a1f87d9a5c2421d2e39e559a31bde8b3d5ab93b1024f03612200ce8,1257927,circumference_questions_book.pdf,,,,,
./education/4bme1_placement_balefired/2_plans_preparation_resources/resources/5th_years/further_inequalities_questions_book.png,af3dae24922bff834eaf38b9d486f3c04c883f9c99fbe85ab7130bae0ee94fa1,952238,further_inequalities_questions_book.png,,,,,
./education/4bme1_placement_balefired/2_plans_preparation_resources/resources/5th_years/perimeter_questions_book.pdf,11bb0ee0453fa8fceda1fc4aca71b279d64b6bb31cbd29f4230062efbc6e9cd8,1631244,perimeter_questions_book.pdf,,,,,
./education/4bme1_placement_balefired/2_plans_preparation_resources/resources/5th_years/adding_and_subtracting_integers_questions_book.pdf,09313bdcef5a4cea61c4c9fe60ce6575059f0d4d2449f7768cbca9d0e2d80e30,1666912,adding_and_subtracting_integers_questions_book.pdf,,,,,
./education/4bme1_placement_balefired/2_plans_preparation_resources/resources/5th_years/volume_of_cylinder_and_sphere_questions_book.pdf,bf3daed5be7ee178f08dda72364511665d3993d95f7ca9e78ff4579be87ca2ac,1431882,volume_of_cylinder_and_sphere_questions_book.pdf,,,,,
./education/4bme1_placement_balefired/2_plans_preparation_resources/resources/5th_years/multiplying_integers.ggb,8c96f8836e5a83736fc363039487d44377baa6525ea7a97c75d86402dee77f8e,36761,multiplying_integers.ggb,,,,,
./education/4bme1_placement_balefired/2_plans_preparation_resources/resources/5th_years/prime_sieve.pdf,74aa1f41d032d684e756ef85088569f058a4664ee327c3d90d56ffc85dd4c8bb,157189,prime_sieve.pdf,,,,,
./education/4bme1_placement_balefired/2_plans_preparation_resources/resources/5th_years/rational_numbers_questions_book.pdf,dc7de9e52b85c3652d07a670780e3bac206fc669420cd3d73d78a5b8a9754c70,1156976,rational_numbers_questions_book.pdf,,,,,
./education/4bme1_placement_balefired/2_plans_preparation_resources/resources/5th_years/solving_equations_by_balancing.ppt,499c137a6de76a25481d31f57cba984c59ad807cc4f7dea6b5edaa8c65c52f2b,183808,solving_equations_by_balancing.ppt,,,,,
./education/4bme1_placement_balefired/2_plans_preparation_resources/resources/5th_years/scientific_notation_questions_book.png,c0d73b09e70db11cc6a527d0f85f2af68c9747d768308d52b67d2574aedbfc81,987687,scientific_notation_questions_book.png,,,,,
./education/4bme1_placement_balefired/2_plans_preparation_resources/resources/5th_years/inequalities_worksheet.docx,55f1075ef33214cc7af3ededbf9d273c8caacf3fe3b3ae38d6f35fe78e58eaa4,684523,inequalities_worksheet.docx,,,,,
./education/4bme1_placement_balefired/2_plans_preparation_resources/resources/5th_years/algebra_variables_expressions_questions_book.png,ba4016b009fc9db5da52e219e1235bbc07d2ff8c954f937c1082f6ade358dd6b,379409,algebra_variables_expressions_questions_book.png,,,,,
./education/4bme1_placement_balefired/2_plans_preparation_resources/resources/5th_years/circumference.ggb,d0f24405c6cf51d217a4dc8f573213a8698ad1cd638f58b3ced963967a4dd79d,24843,circumference.ggb,,,,,
./education/4bme1_placement_balefired/2_plans_preparation_resources/resources/5th_years/pie_charts_questions_book.pdf,7dbf1b5095167bab1173a63656c5f100ebe6156f38d1d02bbc0e9173814cc63a,3194751,pie_charts_questions_book.pdf,,,,,
./education/4bme1_placement_balefired/2_plans_preparation_resources/resources/5th_years/algebra_test.docx,0b8328d05e9629e68b8f7cdafdc6344e90019b9a1cfe097d4c2db7d9abe83abd,15954,algebra_test.docx,,,,,
./education/4bme1_placement_balefired/2_plans_preparation_resources/resources/5th_years/factors_and_multiples.pdf,29b1bf10aeafcc364f234584710d1ae28eb61e7d40c0d6cd47ed235c51ddde0f,658190,factors_and_multiples.pdf,,,,,
./education/4bme1_placement_balefired/2_plans_preparation_resources/resources/5th_years/statistics_test.docx,a5896845041451506a8e2cef1971c89fb28194268d05a9d0862f079e87cbf4eb,127727,statistics_test.docx,,,,,
./education/4bme1_placement_balefired/2_plans_preparation_resources/resources/5th_years/indices.png,ca5c22a25e73107962403ef19b4c453f7507a27261ae325cd892c3ed5c5b29e6,312247,indices.png,,,,,
./education/4bme1_placement_balefired/2_plans_preparation_resources/resources/5th_years/word_problems_equations_book.pdf,e56baa77bd304f16990458162c75a3b3aee50a476ed0d68de9f8d37a1405bbdf,1962546,word_problems_equations_book.pdf,,,,,
./education/4bme1_placement_balefired/2_plans_preparation_resources/resources/5th_years/inequalities_lesson.pptx,04170d904df30b180a1ba9dd8d869b2e233789a35678cecbe93ad3b713ff2af6,1726642,inequalities_lesson.pptx,,,,,
./education/4bme1_placement_balefired/2_plans_preparation_resources/resources/1st_years/vat_questions_book.pdf,c4cb01d44a6c268a800e4f688b34e7ccaeae2fcc39627210ddab6aa8a319f305,4454043,vat_questions_book.pdf,,,,,
./education/4bme1_placement_balefired/2_plans_preparation_resources/resources/1st_years/rounding_decimals.pptx,c917179b7c7ae9d084ae2830e8ad64ce9e24b5ca144a75281b4a591f1ad77e8a,1482562,rounding_decimals.pptx,,,,,
./education/4bme1_placement_balefired/2_plans_preparation_resources/resources/1st_years/adding_and_subtracting_fractions.pdf,19f9aca18ed5c3fdced57536cf677c9701e5230b4bef1a79138c1b0833aacccd,85003,adding_and_subtracting_fractions.pdf,,,,,
./education/4bme1_placement_balefired/2_plans_preparation_resources/resources/1st_years/percentages_of_numbers.pdf,d80b4481a5bdca8368e49c2a16875400eeced5515284e45fec7c2b4d26b14f8a,157843,percentages_of_numbers.pdf,,,,,
./education/4bme1_placement_balefired/2_plans_preparation_resources/resources/1st_years/prime_factorisation.pdf,019c10f2fd00c7c3cf9fb24f438a625175d70654c5305739a181b6e8e36fbd22,5085195,prime_factorisation.pdf,,,,,
./education/4bme1_placement_balefired/2_plans_preparation_resources/resources/1st_years/properties_of_numbers_questions_book.png,6da753eb813782e8e7c7efa75ade3e55761d6fed41e797e83c36c79dc5754550,1147005,properties_of_numbers_questions_book.png,,,,,
./education/4bme1_placement_balefired/2_plans_preparation_resources/resources/1st_years/multiplication_and_division_colouring.pdf,e8e2c886364d70dc8e2dd01d09a5fd380409091a34ac79fbc559a33bb351bf99,96877,multiplication_and_division_colouring.pdf,,,,,
./education/4bme1_placement_balefired/2_plans_preparation_resources/resources/1st_years/order_of_operations_questions_book.pdf,92e71886267e4231f0f263da93788a445bba27f67c59745110472eb416808b90,1868498,order_of_operations_questions_book.pdf,,,,,
./education/4bme1_placement_balefired/2_plans_preparation_resources/resources/1st_years/dividing_fractions_questions_book.pdf,40c036e9e86de54a6f2d11e4dfabe2a66f7c8873dd1f09b2a2071081d727b186,1923588,dividing_fractions_questions_book.pdf,,,,,
./education/4bme1_placement_balefired/2_plans_preparation_resources/resources/1st_years/multiplication_involving_indices_questions_book.png,569879672c9442a8a5424df47d0204df5ee61111930ed1e0315d229375ef1754,1275074,multiplication_involving_indices_questions_book.png,,,,,
./education/4bme1_placement_balefired/2_plans_preparation_resources/resources/1st_years/factorize.webarchive,665e515f3c6ec47305e792850da5b82ba1357ba2dc7746af8da18a31d6127619,2469498,factorize.webarchive,,,,,
./education/4bme1_placement_balefired/2_plans_preparation_resources/resources/1st_years/adding_and_subtracting_decimals.ppt,91f7a2ae54ab1f93d5d75d51fc83918a790534b56e2dd9cb814f3af8dba395a9,4016128,adding_and_subtracting_decimals.ppt,,,,,
./education/4bme1_placement_balefired/2_plans_preparation_resources/resources/1st_years/integers_questions_book.png,905a62bd9a846f3f1c92b8e467381c3ccd873b40bfcc17c5dfc79fe4034159d4,1001844,integers_questions_book.png,,,,,
./education/4bme1_placement_balefired/2_plans_preparation_resources/resources/1st_years/increasing_or_decreasing_by_percentage_questions_book.pdf,3a94fa0d927621274593d0e171a12d8879dfc6e4de4d3e8f809070dcb13490fb,1648060,increasing_or_decreasing_by_percentage_questions_book.pdf,,,,,
./education/4bme1_placement_balefired/2_plans_preparation_resources/resources/1st_years/prime_numbers_questions_book.pdf,899fb1f5d62ae399e02749406c34124f678b7d215f38d0c104669cb2ebb378b5,2001097,prime_numbers_questions_book.pdf,,,,,
./education/4bme1_placement_balefired/2_plans_preparation_resources/resources/1st_years/multiplying_fractions_area_model.ggb,264f5340cd6613e6610746af63e7bf257cdea41c111b673055702dc26e2bb328,12321,multiplying_fractions_area_model.ggb,,,,,
./education/4bme1_placement_balefired/2_plans_preparation_resources/resources/1st_years/colouring_by_equivalent_fractions.pdf,8653bf4e8f35c1a64fb6537f87a8891f831e3f607350f46701f086748e158093,1746450,colouring_by_equivalent_fractions.pdf,,,,,
./education/4bme1_placement_balefired/2_plans_preparation_resources/resources/1st_years/algebra_poster.pdf,36c8224a495a8a52b614502f5f678f5672b99ffc1b198a3653d8e119e0901670,1424908,algebra_poster.pdf,,,,,
./education/4bme1_placement_balefired/2_plans_preparation_resources/resources/1st_years/percentages_questions_book.pdf,3db21c6b86ca51735ab29cdfe01f20d710a14e45216fc439d7759e5c90621f87,2607280,percentages_questions_book.pdf,,,,,
./education/4bme1_placement_balefired/2_plans_preparation_resources/resources/1st_years/dividing_decimals_by_10.pdf,bafaeaf3b8f22cc2bbd52ca0fd4e0068fc7dfab2981036877e39352c1caba224,39026,dividing_decimals_by_10.pdf,,,,,
./education/4bme1_placement_balefired/2_plans_preparation_resources/resources/1st_years/jct_christmas_maths_book.pdf,61329e76a23e83c9728e9babe385a3c34bf020de7ed3946519836976c8078cc4,3521558,jct_christmas_maths_book.pdf,,,,,
./education/4bme1_placement_balefired/2_plans_preparation_resources/resources/1st_years/fraction_questions_book.png,6c72ab0ebaa3bb714d49a37c9ae639fff52ec31f8c0954c90d76fe9a69b725f8,1206021,fraction_questions_book.png,,,,,
./education/4bme1_placement_balefired/2_plans_preparation_resources/resources/1st_years/division_of_fractions.ggb,d95b589c08c69ec44c2ec9bb777244c3179c1099f2145db2eb3ca15595fa5972,13465,division_of_fractions.ggb,,,,,
./education/4bme1_placement_balefired/2_plans_preparation_resources/resources/1st_years/integers_multiplication_division_questions_book.pdf,aeba9962c09bc15f98c14d55c2c2024721953604d8a666bbf9515c290b9add97,2135262,integers_multiplication_division_questions_book.pdf,,,,,
./education/4bme1_placement_balefired/2_plans_preparation_resources/resources/1st_years/fractions_to_decimals.pdf,c57384cfcb26551505fceb15dbc8bd5bc57f46cfa88c7e2659a799b2848388a9,217055,fractions_to_decimals.pdf,,,,,
./education/4bme1_placement_balefired/2_plans_preparation_resources/resources/1st_years/multiples.pdf,0e1aebc9b9238b4d403c0afeb456ccb4f52d52b3e91bd1fda86adf365037ed97,764483,multiples.pdf,,,,,
./education/4bme1_placement_balefired/2_plans_preparation_resources/resources/1st_years/rainbow_factors.pdf,99990c69c11a2c50cd1a6e9156191371ef125e86b4d8b8400670aa1a989350a4,317206,rainbow_factors.pdf,,,,,
./education/4bme1_placement_balefired/2_plans_preparation_resources/resources/1st_years/prime_and_composite.pdf,211f4c3500dbec014dd163a8c9fbfd01ae53180bd27ed49642efc18ba43f6fdd,6286710,prime_and_composite.pdf,,,,,
./education/4bme1_placement_balefired/2_plans_preparation_resources/resources/1st_years/dividing_fractions.pdf,b447ab0047e7d4230981646871a34f2a6322e79b06b070b904f00ecb030dd559,369162,dividing_fractions.pdf,,,,,
./education/4bme1_placement_balefired/2_plans_preparation_resources/resources/1st_years/improper_fractions.pdf,de95435a2d23e82be81c77def50e211870982877f76b4916f43b634c853b826b,71394,improper_fractions.pdf,,,,,
./education/4bme1_placement_balefired/2_plans_preparation_resources/resources/1st_years/addition_and_subtraction_of_fractions_questions_book.pdf,0e1b7b920eed63720307883ce1f9aac1c5a0ce52db3ad978e9283f5140de16e0,1558297,addition_and_subtraction_of_fractions_questions_book.pdf,,,,,
./education/4bme1_placement_balefired/2_plans_preparation_resources/resources/1st_years/percent_visualization.ggb,5c9dabd80af6c220ee430049874447dd9251e4d1a63c34269a7efde1eef9c1db,11436,percent_visualization.ggb,,,,,
./education/4bme1_placement_balefired/2_plans_preparation_resources/resources/1st_years/substituting_letters_questions_book.png,c28ae537eb5b652c2ca007e0a52671a98bee0a398a0c515b79dcb6f7b48cb02f,757989,substituting_letters_questions_book.png,,,,,
./education/4bme1_placement_balefired/2_plans_preparation_resources/resources/1st_years/percentages_profit_and_loss_questions_book.pdf,9cee0a0e0fdda4688aa5765261a29c2f767d367c11158fb754eff90ce73bf648,3457245,percentages_profit_and_loss_questions_book.pdf,,,,,
./education/4bme1_placement_balefired/2_plans_preparation_resources/resources/1st_years/fraction_word_problems_book.pdf,e1df0c535374ff253272aaae4df6197138280b0872226ad4b5bb9cc56639153a,1888443,fraction_word_problems_book.pdf,,,,,
./education/4bme1_placement_balefired/2_plans_preparation_resources/resources/1st_years/factors_questions_book.png,1dcf26a4cef528559475e0d911b97244291dda4e790eb664cd4a43d2ae140583,1149573,factors_questions_book.png,,,,,
./education/4bme1_placement_balefired/2_plans_preparation_resources/resources/1st_years/square_numbers_questions_book.png,36401a4a6bd6bc4f7183e673ec0be8748dc3b57abaf5fdfe0bc1994e456754b4,938394,square_numbers_questions_book.png,,,,,
./education/4bme1_placement_balefired/2_plans_preparation_resources/resources/1st_years/multiplying_array_method_questions_book.png,e2db0d8da0cdddc7a449601217ff8994774a932ff40a24016110be9747c49a94,1254082,multiplying_array_method_questions_book.png,,,,,
./education/4bme1_placement_balefired/2_plans_preparation_resources/resources/1st_years/symbols_matching_activity.pdf,c1b64ee3d91e52345f26a2ebf114c20c49379687177fde10c571b6e7919296ff,55575,symbols_matching_activity.pdf,,,,,
./education/4bme1_placement_balefired/2_plans_preparation_resources/resources/1st_years/christmas_maths_quiz.ppt,c2d3fe59018bbd2ee479d939cd9b3bcc6ba55aa11e7283aadf4820488aff3853,10820608,christmas_maths_quiz.ppt,,,,,
./education/4bme1_placement_balefired/2_plans_preparation_resources/resources/1st_years/integers_test.docx,614621a67af5b48d17023f5de550be0dc0bf051217611616898d04c8829f5d27,218681,integers_test.docx,,,,,
./education/4bme1_placement_balefired/2_plans_preparation_resources/resources/1st_years/probability_worksheets.pdf,8414d3a0da4bddcd60a098fd676e014e7032d58d7e2dbcd31cc1f4d8b2c3c93d,1038662,probability_worksheets.pdf,,,,,
./education/4bme1_placement_balefired/2_plans_preparation_resources/resources/1st_years/comparing_percentages.pdf,2debeed8c8f493ec5d481934a9e9b1d67b21eb2c3fc7b0b830626edb2bccf13d,119696,comparing_percentages.pdf,,,,,
./education/4bme1_placement_balefired/2_plans_preparation_resources/resources/1st_years/fractions_and_decimals_wall.pdf,fd0621bdfc42049235277e658ebdf725c84eec12abd6ad697ae18218f15be0cb,32002,fractions_and_decimals_wall.pdf,,,,,
./education/4bme1_placement_balefired/2_plans_preparation_resources/resources/1st_years/multiply_decimalsby100.pdf,bb8b7ea26298243ca5f31229b6ee164f579280a5d5f35e004fccde23e940d01b,45276,multiply_decimalsby100.pdf,,,,,
./education/4bme1_placement_balefired/2_plans_preparation_resources/resources/1st_years/multiply_brackets_questions_book.png,981425fdbb072d1bb00859e2d687ddba8f6e5645a5aa2e321b0a183a4e8a237b,1059461,multiply_brackets_questions_book.png,,,,,
./education/4bme1_placement_balefired/2_plans_preparation_resources/resources/1st_years/order_of_operations.pdf,7c548c345ddaad0f9c6cbb650e20de55f2c51a07ab23f462b29fff5f5bc49fe5,377704,order_of_operations.pdf,,,,,
./education/4bme1_placement_balefired/2_plans_preparation_resources/resources/1st_years/numbers_test.docx,d0f8737d0700eb3e9c908f53b1d712240f1d41ee27e580ca33b9d670833c42fe,127440,numbers_test.docx,,,,,
./education/4bme1_placement_balefired/2_plans_preparation_resources/resources/1st_years/maths_box.pdf,2f6b5921565e3c2a1d58aa4908947b963bf8f564cf39e453605899c25bcaab8e,5676416,maths_box.pdf,,,,,
./education/4bme1_placement_balefired/2_plans_preparation_resources/resources/1st_years/natural_numbers_questions_book.pdf,bd7a9bbaa200368334639149749b597147d51658489c534d3636ef3a3f61b6d7,1745968,natural_numbers_questions_book.pdf,,,,,
./education/4bme1_placement_balefired/2_plans_preparation_resources/resources/1st_years/multiplying_fractions_questions_book.png,65d09980e59a74a5f355d12b1dda179ead5e6954ae33ed2dbd76407c83b7aeac,806269,multiplying_fractions_questions_book.png,,,,,
./education/4bme1_placement_balefired/2_plans_preparation_resources/resources/1st_years/algebra_using_symbols_questions_book.pdf,9b6b72ce6f6cd3c2a1c071def2192a1dbe9c7eb90808c79a6c5361723b4c4e77,1927816,algebra_using_symbols_questions_book.pdf,,,,,
./education/4bme1_placement_balefired/2_plans_preparation_resources/resources/1st_years/adding_and_subtracting_integers_questions_book.pdf,58c799bf3679bf1f513ec0fe7f6434f1ac59185504df44426804fb26662e08e8,3131529,adding_and_subtracting_integers_questions_book.pdf,,,,,
./education/4bme1_placement_balefired/2_plans_preparation_resources/resources/1st_years/symbol_and_letter_substitution.pdf,38e9f4dd63477298016901f6e79e677668d5b005065ddd907700523a6329124b,193635,symbol_and_letter_substitution.pdf,,,,,
./education/4bme1_placement_balefired/2_plans_preparation_resources/resources/1st_years/multiplying_fractions.ggb,264f5340cd6613e6610746af63e7bf257cdea41c111b673055702dc26e2bb328,12321,multiplying_fractions.ggb,,,,,
./education/4bme1_placement_balefired/2_plans_preparation_resources/resources/1st_years/factors.pdf,df7df5e7021683e06ef32bcc531239189676ad4a64c3d16d17d3eed6b16ffa1c,686954,factors.pdf,,,,,
./education/4bme1_placement_balefired/2_plans_preparation_resources/resources/1st_years/squares_and_square_roots_questions_book.png,f7820632187d618919c9b127c8823f6097c56eebc023d3a771d1b3119053e61e,1112385,squares_and_square_roots_questions_book.png,,,,,
./education/4bme1_placement_balefired/2_plans_preparation_resources/resources/1st_years/percentages_test.docx,2d72ceeb7754aa6075cce782b1ba101894651f3c9c870351b9bd3360f487c3f6,152722,percentages_test.docx,,,,,
./education/4bme1_placement_balefired/2_plans_preparation_resources/resources/1st_years/array_method_questions_book.png,eec730d600c83cc2da2daaf8410f40e2828ec0ff3b7101203419e565e2e4f38a,1437334,array_method_questions_book.png,,,,,
./education/4bme1_placement_balefired/2_plans_preparation_resources/resources/1st_years/flash_master.pdf,90fedec08431d9cda28e2a703109b8f47fc9a66fa5899be022f36c95ae3d665a,874424,flash_master.pdf,,,,,
./education/4bme1_placement_balefired/2_plans_preparation_resources/resources/1st_years/multiply_decimalsby10.pdf,6747a7806caba61fbb4a68a3c45be7a26e52dffa5e5787c09d69c45b90b10229,45192,multiply_decimalsby10.pdf,,,,,
./education/4bme1_placement_balefired/2_plans_preparation_resources/resources/1st_years/highest_common_factors_questions_book.png,8673b0c6e98a9853a6f98ad2ca218d59fe8bf8c6cbc972a87b52e1e98a243893,1024507,highest_common_factors_questions_book.png,,,,,
./education/4bme1_placement_balefired/2_plans_preparation_resources/resources/1st_years/percentage_of_a_number_questions_book.pdf,2dd82dffd325e562157f8c659e2f94d6981ce09bb18e5cb50d21f036fb9f62be,1883257,percentage_of_a_number_questions_book.pdf,,,,,
./education/4bme1_placement_balefired/2_plans_preparation_resources/resources/1st_years/ordering_decimals.pdf,db2ee4f57e1197e34fdd9e53de919d935f17f46ae9840875e17da714f87eb5bb,140644,ordering_decimals.pdf,,,,,
./education/4bme1_placement_balefired/2_plans_preparation_resources/resources/1st_years/algebra_using_letters_questions_book.pdf,e0fab4bae1c7efe179f6ed822dbc163cfce7523bd79ef809b28fd41c0b7616ed,3036998,algebra_using_letters_questions_book.pdf,,,,,
./education/4bme1_placement_balefired/2_plans_preparation_resources/resources/1st_years/adding_fractions_visual.ggb,153572d647ee12169a791016afd2d1981457d5b340c1541294643ba17d152087,7320,adding_fractions_visual.ggb,,,,,
./education/4bme1_placement_balefired/2_plans_preparation_resources/resources/1st_years/ways_to_show_multiplication.pdf,522a7a69dc33430ff5d2efa25b77e4b06d2bfccb859d267173787dbee59fa335,72712,ways_to_show_multiplication.pdf,,,,,
./education/4bme1_placement_balefired/2_plans_preparation_resources/resources/1st_years/simplifyand_equivalent_fractions.pdf,b591e8b329df16256f02dafbfb62641c248f5f83773f1adb74e5b35b5558832a,115039,simplifyand_equivalent_fractions.pdf,,,,,
./education/4bme1_placement_balefired/2_plans_preparation_resources/resources/1st_years/fractions.pdf,ac9f560dca30ddd7c9884e9d5148989bbf14b2a87dc1b5aa17faf4fefafd2548,562199,fractions.pdf,,,,,
./education/4bme1_placement_balefired/2_plans_preparation_resources/resources/1st_years/numbers_test_revision.pdf,6d9e7215cb7800ecbcf9f752df47bc4c6cb1b21a196ed086dfe33fcffd36f5d6,2243956,numbers_test_revision.pdf,,,,,
./education/4bme1_placement_balefired/2_plans_preparation_resources/resources/1st_years/dividing_decimals_by_100.pdf,b7b39147bef2a458c42a721a94f17a63d06c67fc0f62b8251293cf8017c1f944,39116,dividing_decimals_by_100.pdf,,,,,
./education/4bme1_placement_balefired/2_plans_preparation_resources/lesson_plans_resources/3rd_years/lesson_19_09_10_20/lesson_19.docx,aa227746807267bd55c788d66567168c358432062d4678d5c8ff6925045e3486,44849,lesson_19.docx,,,,,
./education/4bme1_placement_balefired/2_plans_preparation_resources/lesson_plans_resources/3rd_years/lesson_19_09_10_20/algebraic_fractions_equations_questions_book.png,53ad2603f068371e8a77c45a32f52878716bf8c3f61f8d24e46c8e6e07dec55c,290889,algebraic_fractions_equations_questions_book.png,,,,,
./education/4bme1_placement_balefired/2_plans_preparation_resources/lesson_plans_resources/3rd_years/lesson_6_15_09_20/difference_of_two_squares.png,f9379633e70cf24174568df86f3a8ceabdab1e7d3679dd7c44ede46b364cc64f,962851,difference_of_two_squares.png,,,,,
./education/4bme1_placement_balefired/2_plans_preparation_resources/lesson_plans_resources/3rd_years/lesson_6_15_09_20/lesson_6.docx,e0c34dc70d39f3de4baf8ac5d5c480e43c6feade4b8481a056239e3a7e8ccc91,46556,lesson_6.docx,,,,,
./education/4bme1_placement_balefired/2_plans_preparation_resources/lesson_plans_resources/3rd_years/lesson_17_05_10_20/solve_linear_inequalities_questions_book.png,a1a1d43e64d611695f954c9eb84f5ace32b03d1f574cb4634feefda13c1cf489,892894,solve_linear_inequalities_questions_book.png,,,,,
./education/4bme1_placement_balefired/2_plans_preparation_resources/lesson_plans_resources/3rd_years/lesson_17_05_10_20/lesson_17.docx,c6aaec33e56bfe46d64f1163fbe1836bf4a37a2fc48994c8e71085093e26606c,47611,lesson_17.docx,,,,,
./education/4bme1_placement_balefired/2_plans_preparation_resources/lesson_plans_resources/3rd_years/lesson_21_14_10_20/lesson_21.docx,14343882528a48eb5720941e616cc87bbce775fbc45cf40c8bc4438525b4181d,44167,lesson_21.docx,,,,,
./education/4bme1_placement_balefired/2_plans_preparation_resources/lesson_plans_resources/3rd_years/lesson_21_14_10_20/simplifying_algebraic_fractions.png,18bf221ca8374b16ec30bd147aeea3f626aff6f691d381acbd4f0735335ff873,490101,simplifying_algebraic_fractions.png,,,,,
./education/4bme1_placement_balefired/2_plans_preparation_resources/lesson_plans_resources/3rd_years/lesson_31_13_11_20/lesson_31.docx,c16b741fc38a1e53af831313353cad084fb2245ed1adcc94e50e6897a8155190,45364,lesson_31.docx,,,,,
./education/4bme1_placement_balefired/2_plans_preparation_resources/lesson_plans_resources/3rd_years/lesson_25_23_10_20/lesson_25.docx,f2892e8a5068c042d1bd3fc09a9e3d41d9f597f544589a4110fc9e86f0392f8f,46849,lesson_25.docx,,,,,
./education/4bme1_placement_balefired/2_plans_preparation_resources/lesson_plans_resources/3rd_years/lesson_1_08_09_20/lesson_1.docx,636b64063696508decee21322ea2bf73e0adc2af6e229f8385fd35fd5fd69ef2,44603,lesson_1.docx,,,,,
./education/4bme1_placement_balefired/2_plans_preparation_resources/lesson_plans_resources/3rd_years/lesson_24_21_10_20/lesson_24.docx,e7a176c6ed4b8a4b387ac993526db2bed2d3afa7d52669b89b741631a6ea257b,45389,lesson_24.docx,,,,,
./education/4bme1_placement_balefired/2_plans_preparation_resources/lesson_plans_resources/3rd_years/lesson_24_21_10_20/function_notation.pdf,ba351f0c7b7397dff28b8c0275f834b16f47e80587c12a3c54b1e3b2b18c2284,1101921,function_notation.pdf,,,,,
./education/4bme1_placement_balefired/2_plans_preparation_resources/lesson_plans_resources/3rd_years/lesson_16_02_10_20/inequalities_and_number_line.png,ae47b1993e46acbdb8a05e020a536a58d9fbc82d5c2a6c18bf593eb1a3ce180f,1023023,inequalities_and_number_line.png,,,,,
./education/4bme1_placement_balefired/2_plans_preparation_resources/lesson_plans_resources/3rd_years/lesson_16_02_10_20/lesson_16.docx,54f183351a6617755cf6f4fa0edfc8422decd5f42d19c275ac0f43c5a82292f3,48243,lesson_16.docx,,,,,
./education/4bme1_placement_balefired/2_plans_preparation_resources/lesson_plans_resources/3rd_years/lesson_28_06_11_20/lesson_28.docx,4a683e4d9c70ad46bf9348107546342ac410d6061abaeeb08fe3194c3c021982,45497,lesson_28.docx,,,,,
./education/4bme1_placement_balefired/2_plans_preparation_resources/lesson_plans_resources/3rd_years/lesson_7_16_09_20/factorising_quadratic_expressions_positive_terms.png,26741cbbe91aca88610dabbbf38adf1124287ec1d5c8f515ed791edd268ebf2b,1380701,factorising_quadratic_expressions_positive_terms.png,,,,,
./education/4bme1_placement_balefired/2_plans_preparation_resources/lesson_plans_resources/3rd_years/lesson_7_16_09_20/lesson_7.docx,75c10a2dc8e2a5c5fa7efd475689a9c1921d05acef48b3c1d82d66ad334b646f,46540,lesson_7.docx,,,,,
./education/4bme1_placement_balefired/2_plans_preparation_resources/lesson_plans_resources/3rd_years/lesson_23_19_10_20/functions_domain_range_codomain.pdf,f213e891f0a202772d829c200f1f7dd998037980fec6374f425fa1a7a19c0bf2,2682378,functions_domain_range_codomain.pdf,,,,,
./education/4bme1_placement_balefired/2_plans_preparation_resources/lesson_plans_resources/3rd_years/lesson_23_19_10_20/lesson_23.docx,67cefa18c965ad27105bb56d202582f0c81c6984f83583451a72f8c4024412d9,52209,lesson_23.docx,,,,,
./education/4bme1_placement_balefired/2_plans_preparation_resources/lesson_plans_resources/3rd_years/lesson_30_11_11_20/lesson_30.docx,b92b898c733e0ba9373c348aa4b09470d157b4c9c312e9ec6e9a7bb5b28248f3,44293,lesson_30.docx,,,,,
./education/4bme1_placement_balefired/2_plans_preparation_resources/lesson_plans_resources/3rd_years/lesson_20_12_10_20/lesson_20.docx,4d9cbc101e089c6ee45fff71895883d9cb9567085e4a86be23ae91eb178cc65f,45514,lesson_20.docx,,,,,
./education/4bme1_placement_balefired/2_plans_preparation_resources/lesson_plans_resources/3rd_years/lesson_20_12_10_20/simplifying_algebraic_fractions.png,18bf221ca8374b16ec30bd147aeea3f626aff6f691d381acbd4f0735335ff873,490101,simplifying_algebraic_fractions.png,,,,,
./education/4bme1_placement_balefired/2_plans_preparation_resources/lesson_plans_resources/3rd_years/lesson_12_25_09_20/lesson_12.docx,bb3e493039d745c898d0170d9fec0728b0074abd67f0b88953908f8c079b7d3f,47079,lesson_12.docx,,,,,
./education/4bme1_placement_balefired/2_plans_preparation_resources/lesson_plans_resources/3rd_years/lesson_12_25_09_20/simultaneous_equations_questions.pdf,66fc60eaa08f6ebbf1712ad91d2e1d185cd2f555889f36cf0aa17867665b4082,950136,simultaneous_equations_questions.pdf,,,,,
./education/4bme1_placement_balefired/2_plans_preparation_resources/lesson_plans_resources/3rd_years/lesson_9_18_09_20/lesson_9.docx,199c861c9b1ac861a3e476058863e34368c65f9fd26ca5bb0911643ab01819d3,47164,lesson_9.docx,,,,,
./education/4bme1_placement_balefired/2_plans_preparation_resources/lesson_plans_resources/3rd_years/lesson_9_18_09_20/factorising_quadratic_expressions_negative_third_term.png,3610a67a56cd5b56619488d20dff2ec22228877a5850daff14cea69e7f0d2f1a,964494,factorising_quadratic_expressions_negative_third_term.png,,,,,
./education/4bme1_placement_balefired/2_plans_preparation_resources/lesson_plans_resources/3rd_years/lesson_34_20_11_20/lesson_34.docx,1297901144e46644831a930a61919f6a3d7eb098ab07a991fe9cdf92dfad05cf,42799,lesson_34.docx,,,,,
./education/4bme1_placement_balefired/2_plans_preparation_resources/lesson_plans_resources/3rd_years/lesson_33_18_11_20/lesson_33.docx,ea81b26b1dcc2c15e136a99e910a288dba4a72029ca4107b0e2eae7651254d7f,43852,lesson_33.docx,,,,,
./education/4bme1_placement_balefired/2_plans_preparation_resources/lesson_plans_resources/3rd_years/lesson_27_04_11_20/lesson_27.docx,2deb19a137314461b758804d71e894b9ff392f297ef7c039aaf77b0f9ebfb279,45977,lesson_27.docx,,,,,
./education/4bme1_placement_balefired/2_plans_preparation_resources/lesson_plans_resources/3rd_years/lesson_13_29_09_20/lesson_13.docx,6125fc6e18904f17833776495f239cc83b88bfd25892d016108f1f43eedbd1e8,46801,lesson_13.docx,,,,,
./education/4bme1_placement_balefired/2_plans_preparation_resources/lesson_plans_resources/3rd_years/lesson_13_29_09_20/simultaneous_equations_questions.pdf,66fc60eaa08f6ebbf1712ad91d2e1d185cd2f555889f36cf0aa17867665b4082,950136,simultaneous_equations_questions.pdf,,,,,
./education/4bme1_placement_balefired/2_plans_preparation_resources/lesson_plans_resources/3rd_years/lesson_4_11_09_20/array_method_factorisation_questions_book.pdf,b70c363cb58893bbad0096770c0fc968dea1808db52019768d998c33e9bfe130,1704173,array_method_factorisation_questions_book.pdf,,,,,
./education/4bme1_placement_balefired/2_plans_preparation_resources/lesson_plans_resources/3rd_years/lesson_4_11_09_20/lesson_4.docx,6f3069e25cc891a12cefed603f000aa53a22228353a71e4fcee99b75e4cebb17,45100,lesson_4.docx,,,,,
./education/4bme1_placement_balefired/2_plans_preparation_resources/lesson_plans_resources/3rd_years/lesson_32_16_11_20/lesson_32.docx,5b425b649641bb0107c7db8c2ca32104907dece7cfbe557db45cf9b9d9db4d88,44939,lesson_32.docx,,,,,
./education/4bme1_placement_balefired/2_plans_preparation_resources/lesson_plans_resources/3rd_years/lesson_3_10_09_20/array_method_factorisation_questions_book.pdf,b70c363cb58893bbad0096770c0fc968dea1808db52019768d998c33e9bfe130,1704173,array_method_factorisation_questions_book.pdf,,,,,
./education/4bme1_placement_balefired/2_plans_preparation_resources/lesson_plans_resources/3rd_years/lesson_3_10_09_20/lesson_3.docx,a724048bf37481ee1869e16bec550bbe793a3c6bd49cd2b26b41e11840334c28,46745,lesson_3.docx,,,,,
./education/4bme1_placement_balefired/2_plans_preparation_resources/lesson_plans_resources/3rd_years/lesson_2_09_09_20/lesson_2.docx,f462372791cac57fefa1d11ffab378a7f0c83eae0ecda18f348442b663e47aaf,46645,lesson_2.docx,,,,,
./education/4bme1_placement_balefired/2_plans_preparation_resources/lesson_plans_resources/3rd_years/lesson_15_01_10_20/lesson_15.docx,d270ea542386f6c4d8f70c9d1d807530a0e8249b4fb75b502a892248c2f626e9,44499,lesson_15.docx,,,,,
./education/4bme1_placement_balefired/2_plans_preparation_resources/lesson_plans_resources/3rd_years/lesson_26_02_11_20/lesson_26.docx,e90614d67273f51ade3cadc8925f40d475e2e9616120a3c4d448644d2ca8d1bb,45888,lesson_26.docx,,,,,
./education/4bme1_placement_balefired/2_plans_preparation_resources/lesson_plans_resources/3rd_years/lesson_11_22_09_20/solving_quadratic_equations.png,1385119ae018e4901d2d38a4e811619398e6a7fe77af0c7f9ab9ad2fc8989fc5,979097,solving_quadratic_equations.png,,,,,
./education/4bme1_placement_balefired/2_plans_preparation_resources/lesson_plans_resources/3rd_years/lesson_11_22_09_20/lesson_11.docx,d6e531ef60b6b57ddcea75c74cc35855524da27be2ec0ff84c853a630141db61,45266,lesson_11.docx,,,,,
./education/4bme1_placement_balefired/2_plans_preparation_resources/lesson_plans_resources/3rd_years/lesson_8_17_09_20/lesson_8.docx,975af604e81e854a8076bdf3506293dd5b7813acdce3d03ff46be16eb22fcf19,45586,lesson_8.docx,,,,,
./education/4bme1_placement_balefired/2_plans_preparation_resources/lesson_plans_resources/3rd_years/lesson_8_17_09_20/factorising_quadratic_expressions_negative_middle_term.png,26741cbbe91aca88610dabbbf38adf1124287ec1d5c8f515ed791edd268ebf2b,1380701,factorising_quadratic_expressions_negative_middle_term.png,,,,,
./education/4bme1_placement_balefired/2_plans_preparation_resources/lesson_plans_resources/3rd_years/lesson_29_09_11_20/lesson_29.docx,6ecc0364b757bc2de83ffa2f33fb0406d86d43b2fabad4f127684b4f2914a8a1,44738,lesson_29.docx,,,,,
./education/4bme1_placement_balefired/2_plans_preparation_resources/lesson_plans_resources/3rd_years/lesson_10_21_09_20/solving_quadratic_equations.png,1385119ae018e4901d2d38a4e811619398e6a7fe77af0c7f9ab9ad2fc8989fc5,979097,solving_quadratic_equations.png,,,,,
./education/4bme1_placement_balefired/2_plans_preparation_resources/lesson_plans_resources/3rd_years/lesson_10_21_09_20/lesson_10.docx,f20ebede7e4848ed6007ab90cd35642d8d92e88237ac225dda2ccaec2180d981,49498,lesson_10.docx,,,,,
./education/4bme1_placement_balefired/2_plans_preparation_resources/lesson_plans_resources/3rd_years/lesson_22_16_10_20/lesson_22.docx,9694982b52275adbee609df4db100f07e749f28be551606d2dc0bd0ec2c64a7b,59841,lesson_22.docx,,,,,
./education/4bme1_placement_balefired/2_plans_preparation_resources/lesson_plans_resources/3rd_years/lesson_22_16_10_20/function_machines.pdf,f77e7fca5343feb06f3b81c6287d06f8e3013342c68a5ff80d474551ee8d0594,796500,function_machines.pdf,,,,,
./education/4bme1_placement_balefired/2_plans_preparation_resources/lesson_plans_resources/3rd_years/lesson_18_07_10_20/lesson_18.docx,66e336115223751de4ef41f702f4268d60345c093f1dc41abdad85ce743721b5,47184,lesson_18.docx,,,,,
./education/4bme1_placement_balefired/2_plans_preparation_resources/lesson_plans_resources/3rd_years/lesson_18_07_10_20/lcm_and_fractions_questions_book.png,c854d8cf08d3260b3384b0b604815536f295af9f774983337b30b1dedb70422c,464849,lcm_and_fractions_questions_book.png,,,,,
./education/4bme1_placement_balefired/2_plans_preparation_resources/lesson_plans_resources/3rd_years/lesson_14_30_09_20/lesson_14.docx,774c6e1287f206addd7562597b50db8174693eef0976afda5db9b1c0ee2c8845,47141,lesson_14.docx,,,,,
./education/4bme1_placement_balefired/2_plans_preparation_resources/lesson_plans_resources/3rd_years/lesson_5_14_09_20/lesson_5.docx,e6fb5dcee82111cda024f07f4cf79399fd0b6b6d682b0b0977f5aa72baee6ed9,46182,lesson_5.docx,,,,,
./education/4bme1_placement_balefired/2_plans_preparation_resources/lesson_plans_resources/3rd_years/lesson_5_14_09_20/factorise_by_grouping_questions_book.png,ba72d1dce8c96f269b379818483e59f174b2157656f7b6dd27f83a8972e3b6e2,1322549,factorise_by_grouping_questions_book.png,,,,,
./education/4bme1_placement_balefired/2_plans_preparation_resources/lesson_plans_resources/5th_years/lesson_47_07_12_20/scientific_notation.pdf,d4efd95cb1e61e30d2112dc5a48c11dc2fd14c3c3e357604cd77ac6b2f9482f1,331737,scientific_notation.pdf,,,,,
./education/4bme1_placement_balefired/2_plans_preparation_resources/lesson_plans_resources/5th_years/lesson_47_07_12_20/lesson_47.docx,081c16b5535188a129ad84bcbfdb7b708a04949c607a17665f74d42202d2ec05,42180,lesson_47.docx,,,,,
./education/4bme1_placement_balefired/2_plans_preparation_resources/lesson_plans_resources/5th_years/lesson_47_07_12_20/scientific_notation_questions_book.png,c0d73b09e70db11cc6a527d0f85f2af68c9747d768308d52b67d2574aedbfc81,987687,scientific_notation_questions_book.png,,,,,
./education/4bme1_placement_balefired/2_plans_preparation_resources/lesson_plans_resources/5th_years/lesson_15_15_10_20/lesson_15.docx,2831440268786a59e746df3b92b05b08a9577280c95a617dfce3d702c08834db,44312,lesson_15.docx,,,,,
./education/4bme1_placement_balefired/2_plans_preparation_resources/lesson_plans_resources/5th_years/lesson_15_15_10_20/solving_linear_equations_questions_book.png,2f4a075b91bcc5e46adfb936f7073ae7d066b7b58892a37870a736f146c2ab13,1231630,solving_linear_equations_questions_book.png,,,,,
./education/4bme1_placement_balefired/2_plans_preparation_resources/lesson_plans_resources/5th_years/lesson_12_09_10_20/lesson_12.docx,186048e0cdb94d4f9b94b5c8f7eb4d04f7a38d40abe9e989e3f2ad5446a6e994,44489,lesson_12.docx,,,,,
./education/4bme1_placement_balefired/2_plans_preparation_resources/lesson_plans_resources/5th_years/lesson_12_09_10_20/values_of_expressions_questions_book.pdf,b6d2408c1dd0026a89ff8b78f11d9146683f90318e57aac9264e4e93c6f789ed,988324,values_of_expressions_questions_book.pdf,,,,,
./education/4bme1_placement_balefired/2_plans_preparation_resources/lesson_plans_resources/5th_years/lesson_30_12_11_20/circle_area_questions_book.pdf,236d565105596d30f0a56ac28b6e5e39d88facc87aa3b700515cc115e03bc017,1410357,circle_area_questions_book.pdf,,,,,
./education/4bme1_placement_balefired/2_plans_preparation_resources/lesson_plans_resources/5th_years/lesson_30_12_11_20/lesson_30.docx,cd9d7fee7a03ed6fb7f46d030c6bb5bdfcb41ae741454d4e31c9d142a1c51743,43150,lesson_30.docx,,,,,
./education/4bme1_placement_balefired/2_plans_preparation_resources/lesson_plans_resources/5th_years/lesson_7_01_10_20/stem_and_leaf_plots_questions_book.pdf,5ad31362691ae6f43ef9425e8e3037753865a1c6117f9f89c349bff56dd40b9f,1923209,stem_and_leaf_plots_questions_book.pdf,,,,,
./education/4bme1_placement_balefired/2_plans_preparation_resources/lesson_plans_resources/5th_years/lesson_7_01_10_20/lesson_7.docx,c7519d9d613094b32a671d95be0061503c3f67e6d6488c0181f6b391b4030fee,47224,lesson_7.docx,,,,,
./education/4bme1_placement_balefired/2_plans_preparation_resources/lesson_plans_resources/5th_years/lesson_34_18_11_20/nets_surface_area_worksheet.docx,6ec8547df168c3fd468fd4e1385eff43a265a9f8b894150b95671ef1b61e8d18,94353,nets_surface_area_worksheet.docx,,,,,
./education/4bme1_placement_balefired/2_plans_preparation_resources/lesson_plans_resources/5th_years/lesson_34_18_11_20/net_of_a_cube.ggb,6fc31ffb6fc6e3746653622a02e1135060fce9ff67bd0673cc89a9ed59223e0c,19011,net_of_a_cube.ggb,,,,,
./education/4bme1_placement_balefired/2_plans_preparation_resources/lesson_plans_resources/5th_years/lesson_34_18_11_20/net_of_a_cylinder.ggb,4a20d741047d05853fb32990056d66a6c654efc06267eec83006539dd1d5e966,22944,net_of_a_cylinder.ggb,,,,,
./education/4bme1_placement_balefired/2_plans_preparation_resources/lesson_plans_resources/5th_years/lesson_34_18_11_20/lesson_34.docx,a79eb825ced3adf770cf79596cb73af66abbafbb4fac4ac844fe2293d75383b8,45710,lesson_34.docx,,,,,
./education/4bme1_placement_balefired/2_plans_preparation_resources/lesson_plans_resources/5th_years/lesson_34_18_11_20/surface_area.pptx,2df77a4eb8a9a396eefc6a4c9a53ae0598d6335147026408982f770b2be29371,8254173,surface_area.pptx,,,,,
./education/4bme1_placement_balefired/2_plans_preparation_resources/lesson_plans_resources/5th_years/lesson_13_12_10_20/simplify_expressions_and_brackets_questions_book.pdf,8eca0b22480f2b000d7cfafc045a5b0c139b5949601aa2a21c43823556ac7a99,1119285,simplify_expressions_and_brackets_questions_book.pdf,,,,,
./education/4bme1_placement_balefired/2_plans_preparation_resources/lesson_plans_resources/5th_years/lesson_13_12_10_20/lesson_13.docx,aa524a1e99fd37d73910c55be4d160c56c29903d2c0168b0d204ec34c3ce98dd,44943,lesson_13.docx,,,,,
./education/4bme1_placement_balefired/2_plans_preparation_resources/lesson_plans_resources/5th_years/lesson_1_09_09_20/statistics_questions_book.pdf,ca85bf121eb9119c2cab1affff9b5b0f8b3adc9f74a82d2587665955d896759f,5052979,statistics_questions_book.pdf,,,,,
./education/4bme1_placement_balefired/2_plans_preparation_resources/lesson_plans_resources/5th_years/lesson_1_09_09_20/lesson_1.docx,63453900ac7529599206cd8aa3e1a5487eb287984695c4e9180dffd64e33af7e,51910,lesson_1.docx,,,,,
./education/4bme1_placement_balefired/2_plans_preparation_resources/lesson_plans_resources/5th_years/lesson_27_09_11_20/combination_area_and_circumference_questions_book.pdf,08449b14c5944726054814528f9fd3b0131b46a603804f4ad7feb018edf8e3d8,1427322,combination_area_and_circumference_questions_book.pdf,,,,,
./education/4bme1_placement_balefired/2_plans_preparation_resources/lesson_plans_resources/5th_years/lesson_27_09_11_20/circumference.ggb,d0f24405c6cf51d217a4dc8f573213a8698ad1cd638f58b3ced963967a4dd79d,24843,circumference.ggb,,,,,
./education/4bme1_placement_balefired/2_plans_preparation_resources/lesson_plans_resources/5th_years/lesson_27_09_11_20/lesson_27.docx,9b1c30e98b6866953a94dee8ca1bdcd8dab29f13ea5ccdb1b5d7b8b5444ea64f,46659,lesson_27.docx,,,,,
./education/4bme1_placement_balefired/2_plans_preparation_resources/lesson_plans_resources/5th_years/lesson_5_23_09_20/lesson_5.docx,e664837eb099b90b17a47e771bee6323c03a3927fac1dfcbeeae3ddca99adfbb,40983,lesson_5.docx,,,,,
./education/4bme1_placement_balefired/2_plans_preparation_resources/lesson_plans_resources/5th_years/lesson_5_23_09_20/statistics_test.docx,a5896845041451506a8e2cef1971c89fb28194268d05a9d0862f079e87cbf4eb,127727,statistics_test.docx,,,,,
./education/4bme1_placement_balefired/2_plans_preparation_resources/lesson_plans_resources/5th_years/lesson_23_03_11_20/lesson_23.docx,9f4633a5fb84d3e14c383640a9ec551073bc208b8f5be2bdfc7c3e18c97d0f19,41108,lesson_23.docx,,,,,
./education/4bme1_placement_balefired/2_plans_preparation_resources/lesson_plans_resources/5th_years/lesson_23_03_11_20/algebra_test.docx,0b8328d05e9629e68b8f7cdafdc6344e90019b9a1cfe097d4c2db7d9abe83abd,15954,algebra_test.docx,,,,,
./education/4bme1_placement_balefired/2_plans_preparation_resources/lesson_plans_resources/5th_years/lesson_49_09_12_20/lesson_49.docx,b733d9b937ea1bbbd75d09af66c311ccdd60e212c22a32f7ea8a215fa5d78fff,45550,lesson_49.docx,,,,,
./education/4bme1_placement_balefired/2_plans_preparation_resources/lesson_plans_resources/5th_years/lesson_4_21_09_20/range_questions_book.pdf,3792227818019209cd24b173d1bd7faab251e10ee8293bd0c0db3536144c4a97,1578620,range_questions_book.pdf,,,,,
./education/4bme1_placement_balefired/2_plans_preparation_resources/lesson_plans_resources/5th_years/lesson_4_21_09_20/lesson_4.docx,1312f2c7710f917f520a619116ef0ed49f2afef52497fdb953df6f0e9ddf10bd,44009,lesson_4.docx,,,,,
./education/4bme1_placement_balefired/2_plans_preparation_resources/lesson_plans_resources/5th_years/lesson_24_04_11_20/lesson_24.docx,590e8fe2739f8c7b54b98c182ff30b499dd3d35dee61668f813b2352e154b470,45103,lesson_24.docx,,,,,
./education/4bme1_placement_balefired/2_plans_preparation_resources/lesson_plans_resources/5th_years/lesson_24_04_11_20/perimeter_questions_book.pdf,11bb0ee0453fa8fceda1fc4aca71b279d64b6bb31cbd29f4230062efbc6e9cd8,1631244,perimeter_questions_book.pdf,,,,,
./education/4bme1_placement_balefired/2_plans_preparation_resources/lesson_plans_resources/5th_years/lesson_38_24_11_20/length_area_volume_test.pdf,99170849e12828ebacb671331471623fa625fa4da54000743b40adc77b39c998,776539,length_area_volume_test.pdf,,,,,
./education/4bme1_placement_balefired/2_plans_preparation_resources/lesson_plans_resources/5th_years/lesson_38_24_11_20/lesson_38.docx,3648fd9eeeb790d58468e5aef1344ca7071b3c840c3e796b4702bb4cf056ee6e,43080,lesson_38.docx,,,,,
./education/4bme1_placement_balefired/2_plans_preparation_resources/lesson_plans_resources/5th_years/lesson_46_04_12_20/indices_questions_book.png,3ddc67fdba7985283544911e1bdcb34490344da644846e20f1b52dbace5c925a,996582,indices_questions_book.png,,,,,
./education/4bme1_placement_balefired/2_plans_preparation_resources/lesson_plans_resources/5th_years/lesson_46_04_12_20/indices.png,ca5c22a25e73107962403ef19b4c453f7507a27261ae325cd892c3ed5c5b29e6,312247,indices.png,,,,,
./education/4bme1_placement_balefired/2_plans_preparation_resources/lesson_plans_resources/5th_years/lesson_46_04_12_20/lesson_46.docx,d450bc333e7c6ef31eac9567dfb9e49f78b820f0a4d32920e7960d7b2345dc16,43305,lesson_46.docx,,,,,
./education/4bme1_placement_balefired/2_plans_preparation_resources/lesson_plans_resources/5th_years/lesson_17_19_10_20/further_word_problems_book.pdf,f9b513706f3366d050371aca9280094be0d09b61cfa7441505d5ebb1a779ab7e,1895574,further_word_problems_book.pdf,,,,,
./education/4bme1_placement_balefired/2_plans_preparation_resources/lesson_plans_resources/5th_years/lesson_17_19_10_20/lesson_17.docx,b2ce3973789e3c0e4b68fc08008fd41846028256660f8c6764a9a861afecdf5a,43114,lesson_17.docx,,,,,
./education/4bme1_placement_balefired/2_plans_preparation_resources/lesson_plans_resources/5th_years/lesson_6_30_09_20/pie_charts.pptx,866c372785bb8f88fb3eb381cca76fa2148fb77b17c0127a0c30d9c2acfcd7ab,3552007,pie_charts.pptx,,,,,
./education/4bme1_placement_balefired/2_plans_preparation_resources/lesson_plans_resources/5th_years/lesson_6_30_09_20/pie_charts_questions_book.pdf,7dbf1b5095167bab1173a63656c5f100ebe6156f38d1d02bbc0e9173814cc63a,3194751,pie_charts_questions_book.pdf,,,,,
./education/4bme1_placement_balefired/2_plans_preparation_resources/lesson_plans_resources/5th_years/lesson_6_30_09_20/lesson_6.docx,3f131cca11bf4e243d210ca12133517c03262a791347769f4e06b94ef5337e63,48048,lesson_6.docx,,,,,
./education/4bme1_placement_balefired/2_plans_preparation_resources/lesson_plans_resources/5th_years/lesson_31_13_11_20/rectangular_volume.ggb,3791616c8d893613fe682e26c3bf62122cd7ebb234c331acbb37a87eca751082,7650,rectangular_volume.ggb,,,,,
./education/4bme1_placement_balefired/2_plans_preparation_resources/lesson_plans_resources/5th_years/lesson_31_13_11_20/rectangular_solids_volume_questions_book.pdf,5d951285456b8259ed1e72711d8fa6984d7950d37e341cccb9fb1d153d7dfc76,1333848,rectangular_solids_volume_questions_book.pdf,,,,,
./education/4bme1_placement_balefired/2_plans_preparation_resources/lesson_plans_resources/5th_years/lesson_31_13_11_20/lesson_31.docx,e916e2c1997ed0a45840dc286c2746b9348ae38adab94b195a3e352183dd2fd9,43451,lesson_31.docx,,,,,
./education/4bme1_placement_balefired/2_plans_preparation_resources/lesson_plans_resources/5th_years/lesson_35_19_11_20/lesson_35.docx,ed5c6ec66451caeb43a3c866a1288fc0dd0afb10b81bb0ac8dfe9505b632ee0c,43060,lesson_35.docx,,,,,
./education/4bme1_placement_balefired/2_plans_preparation_resources/lesson_plans_resources/5th_years/lesson_35_19_11_20/surface_area_nets.pdf,b4324e49696d1f699a18ba86ec60f3d301f44faaa4caa6c668d2bf17fc83cd06,2330967,surface_area_nets.pdf,,,,,
./education/4bme1_placement_balefired/2_plans_preparation_resources/lesson_plans_resources/5th_years/lesson_14_14_10_20/lesson_14.docx,70b05be589aa9be561b194d338a9fc48a7dc37e29bb5793cbb4042c7f61cdd74,43955,lesson_14.docx,,,,,
./education/4bme1_placement_balefired/2_plans_preparation_resources/lesson_plans_resources/5th_years/lesson_14_14_10_20/solving_linear_equations_questions_book.png,2f4a075b91bcc5e46adfb936f7073ae7d066b7b58892a37870a736f146c2ab13,1231630,solving_linear_equations_questions_book.png,,,,,
./education/4bme1_placement_balefired/2_plans_preparation_resources/lesson_plans_resources/5th_years/lesson_14_14_10_20/solving_equations_by_balancing.ppt,499c137a6de76a25481d31f57cba984c59ad807cc4f7dea6b5edaa8c65c52f2b,183808,solving_equations_by_balancing.ppt,,,,,
./education/4bme1_placement_balefired/2_plans_preparation_resources/lesson_plans_resources/5th_years/lesson_10_07_10_20/presenting_data_test.jpeg,b5218413fa513bba2252c6e5f902dbd200322659145dcd607fd75e6802a1e213,71002,presenting_data_test.jpeg,,,,,
./education/4bme1_placement_balefired/2_plans_preparation_resources/lesson_plans_resources/5th_years/lesson_10_07_10_20/lesson_10.docx,3a7385b352df721d0bc0c247de9be979cea89fef0bd6213eedb6d5a1b6a8698c,40769,lesson_10.docx,,,,,
./education/4bme1_placement_balefired/2_plans_preparation_resources/lesson_plans_resources/5th_years/lesson_39_25_11_20/lesson_39.docx,fc412f0c74f1115f4f68f40945670d161057ae2c4081d3ec06f61c5179647fbb,43485,lesson_39.docx,,,,,
./education/4bme1_placement_balefired/2_plans_preparation_resources/lesson_plans_resources/5th_years/lesson_39_25_11_20/types_of_numbers_questions_book.pdf,b99ade9fba7e60769e1f13e1ca6a6d54887824fbdd7885752830647966f1d05f,1888253,types_of_numbers_questions_book.pdf,,,,,
./education/4bme1_placement_balefired/2_plans_preparation_resources/lesson_plans_resources/5th_years/lesson_39_25_11_20/prime_sieve.pdf,74aa1f41d032d684e756ef85088569f058a4664ee327c3d90d56ffc85dd4c8bb,157189,prime_sieve.pdf,,,,,
./education/4bme1_placement_balefired/2_plans_preparation_resources/lesson_plans_resources/5th_years/lesson_39_25_11_20/factors_and_multiples.pdf,29b1bf10aeafcc364f234584710d1ae28eb61e7d40c0d6cd47ed235c51ddde0f,658190,factors_and_multiples.pdf,,,,,
./education/4bme1_placement_balefired/2_plans_preparation_resources/lesson_plans_resources/5th_years/lesson_25_05_11_20/area_power_point.ppt,6bca387dd3e2ede4a56722d781a4ade38bc922bcbdffca799dd9639856fb152b,11287552,area_power_point.ppt,,,,,
./education/4bme1_placement_balefired/2_plans_preparation_resources/lesson_plans_resources/5th_years/lesson_25_05_11_20/lesson_25.docx,7747fde5c75470b2631fdc234888142f0642ad687e70fea1b3e27a8954a5f17f,44575,lesson_25.docx,,,,,
./education/4bme1_placement_balefired/2_plans_preparation_resources/lesson_plans_resources/5th_years/lesson_25_05_11_20/rectangular_area_questions_book.png,e3ba9b10d2a856f5ef1515ccfa9baeece88f52ca6b8f51e1cbfe05722842cc6e,521981,rectangular_area_questions_book.png,,,,,
./education/4bme1_placement_balefired/2_plans_preparation_resources/lesson_plans_resources/5th_years/lesson_48_08_12_20/lesson_48.docx,b7d167e625ea30962fe20d1c9a0c5e3785bf5cffe7e0e213e6933200cda66b1a,41966,lesson_48.docx,,,,,
./education/4bme1_placement_balefired/2_plans_preparation_resources/lesson_plans_resources/5th_years/lesson_48_08_12_20/scientific_notation_questions_book.png,c0d73b09e70db11cc6a527d0f85f2af68c9747d768308d52b67d2574aedbfc81,987687,scientific_notation_questions_book.png,,,,,
./education/4bme1_placement_balefired/2_plans_preparation_resources/lesson_plans_resources/5th_years/lesson_22_02_11_20/lesson_22.docx,96c57d399198663f7f27b0ab83ea4c33fb7f6e3ffeb9bbd6a1604514226a2e74,48708,lesson_22.docx,,,,,
./education/4bme1_placement_balefired/2_plans_preparation_resources/lesson_plans_resources/5th_years/lesson_45_03_12_20/lesson_45.docx,02bed80834fdf6aed2268483d8f449602c3af1ae43cfa694dfc8c77d64b24186,43387,lesson_45.docx,,,,,
./education/4bme1_placement_balefired/2_plans_preparation_resources/lesson_plans_resources/5th_years/lesson_45_03_12_20/rounding_decimals_questions_book.pdf,829b111c473031c61525d0656cef7241bba264c7c558d794778368736aacb42c,1483519,rounding_decimals_questions_book.pdf,,,,,
./education/4bme1_placement_balefired/2_plans_preparation_resources/lesson_plans_resources/5th_years/lesson_3_16_09_20/frequency_tables_questions_book.pdf,33703ab40241426e8d8be27c7ed9207db240052cf8485d8f44518dfeb37bfe4b,2018052,frequency_tables_questions_book.pdf,,,,,
./education/4bme1_placement_balefired/2_plans_preparation_resources/lesson_plans_resources/5th_years/lesson_3_16_09_20/lesson_3.docx,c5333bb17a4d661714a8cc7753fe9415dedf982d0f3568f17848f75f882295b7,50182,lesson_3.docx,,,,,
./education/4bme1_placement_balefired/2_plans_preparation_resources/lesson_plans_resources/5th_years/lesson_37_23_11_20/lesson_37.docx,faad86035fb2d7cd7d2b6f25e2c216d9a0b3280c6f20298c511ef20e61f8ffd9,49660,lesson_37.docx,,,,,
./education/4bme1_placement_balefired/2_plans_preparation_resources/lesson_plans_resources/5th_years/lesson_51_11_12_20/lesson_51.docx,3c95bbfffae944cc2c54d7c7c77452b2545ce6048bffa0078d907297f5282dfc,45819,lesson_51.docx,,,,,
./education/4bme1_placement_balefired/2_plans_preparation_resources/lesson_plans_resources/5th_years/lesson_26_06_11_20/rectangular_and_triangular_area_questions_book.pdf,b59138c13b80830ad7ee9fce9975b8b704cd53618e8e998badcb065c5653ff0a,1190689,rectangular_and_triangular_area_questions_book.pdf,,,,,
./education/4bme1_placement_balefired/2_plans_preparation_resources/lesson_plans_resources/5th_years/lesson_26_06_11_20/lesson_26.docx,e8bd57ac0ea379c992c95454a8ce25d1d4a586808de571eb0321b91b27d6f1ff,45412,lesson_26.docx,,,,,
./education/4bme1_placement_balefired/2_plans_preparation_resources/lesson_plans_resources/5th_years/lesson_8_02_10_20/lesson_8.docx,e736dc9ac93c3cae7d14ab1aa009c9fe8ba9aad3f5ee92b84eb7b24062d92b00,45479,lesson_8.docx,,,,,
./education/4bme1_placement_balefired/2_plans_preparation_resources/lesson_plans_resources/5th_years/lesson_8_02_10_20/stem_and_leaf_plots_questions_book.pdf,5ad31362691ae6f43ef9425e8e3037753865a1c6117f9f89c349bff56dd40b9f,1923209,stem_and_leaf_plots_questions_book.pdf,,,,,
./education/4bme1_placement_balefired/2_plans_preparation_resources/lesson_plans_resources/5th_years/lesson_2_14_09_20/lesson_2.docx,c1e4defeef634b12a687529802c3d02853318edfc4181c212113ab622c6ac609,47242,lesson_2.docx,,,,,
./education/4bme1_placement_balefired/2_plans_preparation_resources/lesson_plans_resources/5th_years/lesson_2_14_09_20/mode_questions_book.pdf,c14810c7764e3d0644a8f83d3aafe4cc877c6cdb107a67630d1cb513fd169589,1811394,mode_questions_book.pdf,,,,,
./education/4bme1_placement_balefired/2_plans_preparation_resources/lesson_plans_resources/5th_years/lesson_2_14_09_20/statistics_mode.pptx,9e5a4d2efee41c6dfc1a47b026c041d36b83a0c2b7678c40985487cd2302bccf,3999343,statistics_mode.pptx,,,,,
./education/4bme1_placement_balefired/2_plans_preparation_resources/lesson_plans_resources/5th_years/lesson_32_16_11_20/volume_of_cylinder.ggb,f0d0a23d6c49c05686942ff6f9495d7542b0234f39df2571f7c1e6ce0a1a7f4f,22384,volume_of_cylinder.ggb,,,,,
./education/4bme1_placement_balefired/2_plans_preparation_resources/lesson_plans_resources/5th_years/lesson_32_16_11_20/lesson_32.docx,0e64ea1458a7481d16b1cf4620881929f0450ff22fc6ad2356f6581773c0ce51,44465,lesson_32.docx,,,,,
./education/4bme1_placement_balefired/2_plans_preparation_resources/lesson_plans_resources/5th_years/lesson_32_16_11_20/volume_of_cylinder_questions_book.png,734b27faa3b0fdb02aededd6d9c97c8afd6403f36865daf096496d1b2e0e2a5c,1348576,volume_of_cylinder_questions_book.png,,,,,
./education/4bme1_placement_balefired/2_plans_preparation_resources/lesson_plans_resources/5th_years/lesson_21_23_10_20/double_inequalities_questions_book.png,e56d08879cbc1b6af57c8b8c29d7263ddafe18c6607efe6ed69715a4d57b565a,1119174,double_inequalities_questions_book.png,,,,,
./education/4bme1_placement_balefired/2_plans_preparation_resources/lesson_plans_resources/5th_years/lesson_21_23_10_20/lesson_21.docx,b0f78dc33b4d0bda42e0119de875715dc8d5090c4edb752e83bc48181be419bf,44846,lesson_21.docx,,,,,
./education/4bme1_placement_balefired/2_plans_preparation_resources/lesson_plans_resources/5th_years/lesson_29_11_11_20/lesson_29.docx,924e1c1bde55726ab3656154b5cc840ae47390feefa65634c11d31606cd9a878,44151,lesson_29.docx,,,,,
./education/4bme1_placement_balefired/2_plans_preparation_resources/lesson_plans_resources/5th_years/lesson_29_11_11_20/area_cicle.ggb,41ba165a278eaa32a02d40ca4ed0bb43c064e73fb6de89c55e1fb4816c04c98c,22112,area_cicle.ggb,,,,,
./education/4bme1_placement_balefired/2_plans_preparation_resources/lesson_plans_resources/5th_years/lesson_18_20_10_20/inequalities_questions_book.png,83289c53e8896ab120e8387f1d99103c1b7e494a592188b7b5d715be12b0e25c,658295,inequalities_questions_book.png,,,,,
./education/4bme1_placement_balefired/2_plans_preparation_resources/lesson_plans_resources/5th_years/lesson_18_20_10_20/lesson_18.docx,1373e5eedfde93612de7722a913f0f4914a004b5c136b1b0a77cf242b6c1d6ab,46999,lesson_18.docx,,,,,
./education/4bme1_placement_balefired/2_plans_preparation_resources/lesson_plans_resources/5th_years/lesson_41_27_11_20/number_line.pdf,b7dd926e83de0fcc97d7236c75c313a1eb4ef629b40b06672ec44b7dd50a0a98,50986,number_line.pdf,,,,,
./education/4bme1_placement_balefired/2_plans_preparation_resources/lesson_plans_resources/5th_years/lesson_41_27_11_20/lesson_41.docx,213244807aee857c83463b82e63bd7d6fd9f37520d6960982a087f8696809aba,43597,lesson_41.docx,,,,,
./education/4bme1_placement_balefired/2_plans_preparation_resources/lesson_plans_resources/5th_years/lesson_41_27_11_20/adding_and_subtracting_integers_questions_book.pdf,09313bdcef5a4cea61c4c9fe60ce6575059f0d4d2449f7768cbca9d0e2d80e30,1666912,adding_and_subtracting_integers_questions_book.pdf,,,,,
./education/4bme1_placement_balefired/2_plans_preparation_resources/lesson_plans_resources/5th_years/lesson_36_20_11_20/surface_area_questions_book.pdf,d2fe0ca50a4fc8da513bc16736cfade109c673f95ea7c07eb17c20fd483183af,1702705,surface_area_questions_book.pdf,,,,,
./education/4bme1_placement_balefired/2_plans_preparation_resources/lesson_plans_resources/5th_years/lesson_36_20_11_20/lesson_36.docx,f45c70f759ca41fda45273ba04ea4d50354626bdb484e29f67284da4e3a83e28,42744,lesson_36.docx,,,,,
./education/4bme1_placement_balefired/2_plans_preparation_resources/lesson_plans_resources/5th_years/lesson_50_10_12_20/lesson_50.docx,003740d86c5f30d389eb53f5040619c9392dc6576dbfd3d7dd81d22d2072e63f,40980,lesson_50.docx,,,,,
./education/4bme1_placement_balefired/2_plans_preparation_resources/lesson_plans_resources/5th_years/lesson_20_22_10_20/lesson_20.docx,01e4a8cb672f6946d6c12665eb66ac1ee7f7f4fc366524bfdd63133d6db9bd07,43617,lesson_20.docx,,,,,
./education/4bme1_placement_balefired/2_plans_preparation_resources/lesson_plans_resources/5th_years/lesson_20_22_10_20/further_inequalities_questions_book.png,af3dae24922bff834eaf38b9d486f3c04c883f9c99fbe85ab7130bae0ee94fa1,952238,further_inequalities_questions_book.png,,,,,
./education/4bme1_placement_balefired/2_plans_preparation_resources/lesson_plans_resources/5th_years/lesson_33_17_11_20/lesson_33.docx,76106b4ed863d7a3e019bc19c43e4154b78e6852b95e76b4ac062326659d0cfa,42862,lesson_33.docx,,,,,
./education/4bme1_placement_balefired/2_plans_preparation_resources/lesson_plans_resources/5th_years/lesson_33_17_11_20/volume_of_cylinder_and_sphere_questions_book.pdf,bf3daed5be7ee178f08dda72364511665d3993d95f7ca9e78ff4579be87ca2ac,1431882,volume_of_cylinder_and_sphere_questions_book.pdf,,,,,
./education/4bme1_placement_balefired/2_plans_preparation_resources/lesson_plans_resources/5th_years/lesson_44_02_12_20/decimals_comparison.pdf,76232cb07b7cda0db3c1ed2c469490a0b470f84313973b98ca28236a713c04e9,26251,decimals_comparison.pdf,,,,,
./education/4bme1_placement_balefired/2_plans_preparation_resources/lesson_plans_resources/5th_years/lesson_44_02_12_20/lesson_44.docx,5edfce41dbb17801fdad214330cf94c384c9d16e979f79d87a75f3c4f892c537,43175,lesson_44.docx,,,,,
./education/4bme1_placement_balefired/2_plans_preparation_resources/lesson_plans_resources/5th_years/lesson_44_02_12_20/decimals_questions_book.pdf,4fbc0de1e0b4d19d127472cce8292a77de7184387a7a625253c3cc9198da7255,1121995,decimals_questions_book.pdf,,,,,
./education/4bme1_placement_balefired/2_plans_preparation_resources/lesson_plans_resources/5th_years/lesson_44_02_12_20/place_values.pdf,5e2690c3c8aac068fe6fd9315ea2414dae39e9798c09eb8ee3711381eeffa899,373244,place_values.pdf,,,,,
./education/4bme1_placement_balefired/2_plans_preparation_resources/lesson_plans_resources/5th_years/lesson_42_30_11_20/lesson_42.docx,2b8e01097f1aab8aadddf9632cc3a90272d870401ccbbea026073abeee1f42ed,43515,lesson_42.docx,,,,,
./education/4bme1_placement_balefired/2_plans_preparation_resources/lesson_plans_resources/5th_years/lesson_42_30_11_20/multiplying_and_dividing_integers_questions_book.png,27ce37d195b1d2fda123529c3c2102aef41707c112a0b542f52dac5cecf55958,1069029,multiplying_and_dividing_integers_questions_book.png,,,,,
./education/4bme1_placement_balefired/2_plans_preparation_resources/lesson_plans_resources/5th_years/lesson_42_30_11_20/multiplying_integers.ggb,8c96f8836e5a83736fc363039487d44377baa6525ea7a97c75d86402dee77f8e,36761,multiplying_integers.ggb,,,,,
./education/4bme1_placement_balefired/2_plans_preparation_resources/lesson_plans_resources/5th_years/lesson_19_21_10_20/lesson_19.docx,398a4ad30cd530418da841e7f75304789051b019a9f6d1c3a11b63948a7264a2,47267,lesson_19.docx,,,,,
./education/4bme1_placement_balefired/2_plans_preparation_resources/lesson_plans_resources/5th_years/lesson_19_21_10_20/inequalities_worksheet.docx,55f1075ef33214cc7af3ededbf9d273c8caacf3fe3b3ae38d6f35fe78e58eaa4,684523,inequalities_worksheet.docx,,,,,
./education/4bme1_placement_balefired/2_plans_preparation_resources/lesson_plans_resources/5th_years/lesson_19_21_10_20/inequalities_lesson.pptx,04170d904df30b180a1ba9dd8d869b2e233789a35678cecbe93ad3b713ff2af6,1726642,inequalities_lesson.pptx,,,,,
./education/4bme1_placement_balefired/2_plans_preparation_resources/lesson_plans_resources/5th_years/lesson_9_05_10_20/double_stem_and_leaf_plot_questions_book.pdf,1626f7100074fcccc847721d299a3b9714bf4c06342a683c20e57921a8e2c51c,1566350,double_stem_and_leaf_plot_questions_book.pdf,,,,,
./education/4bme1_placement_balefired/2_plans_preparation_resources/lesson_plans_resources/5th_years/lesson_9_05_10_20/lesson_9.docx,09f428eb880f4fdbdd8491d7eb82345bf65c65f6cb803bb1c36523eb88d14e88,46958,lesson_9.docx,,,,,
./education/4bme1_placement_balefired/2_plans_preparation_resources/lesson_plans_resources/5th_years/lesson_11_08_10_20/algebra_variables_expressions_questions_book.png,ba4016b009fc9db5da52e219e1235bbc07d2ff8c954f937c1082f6ade358dd6b,379409,algebra_variables_expressions_questions_book.png,,,,,
./education/4bme1_placement_balefired/2_plans_preparation_resources/lesson_plans_resources/5th_years/lesson_11_08_10_20/lesson_11.docx,fcb685d3842567629cf8446021fc44e592cec3bba0f411b18aee5b723d4a5ae7,46131,lesson_11.docx,,,,,
./education/4bme1_placement_balefired/2_plans_preparation_resources/lesson_plans_resources/5th_years/lesson_40_26_11_20/order_of_operations_questions_book.pdf,b99ade9fba7e60769e1f13e1ca6a6d54887824fbdd7885752830647966f1d05f,1888253,order_of_operations_questions_book.pdf,,,,,
./education/4bme1_placement_balefired/2_plans_preparation_resources/lesson_plans_resources/5th_years/lesson_40_26_11_20/lesson_40.docx,fb044dde5e9a1ae498ec6dbb088be13c3f37a4c27a039d4ae15068aaa3189386,42013,lesson_40.docx,,,,,
./education/4bme1_placement_balefired/2_plans_preparation_resources/lesson_plans_resources/5th_years/lesson_28_10_11_20/lesson_28.docx,f126ec283795a30995969211444da725deebdff701a96943302795159a664282,46910,lesson_28.docx,,,,,
./education/4bme1_placement_balefired/2_plans_preparation_resources/lesson_plans_resources/5th_years/lesson_28_10_11_20/circumference_questions_book.pdf,0f4e34af3a1f87d9a5c2421d2e39e559a31bde8b3d5ab93b1024f03612200ce8,1257927,circumference_questions_book.pdf,,,,,
./education/4bme1_placement_balefired/2_plans_preparation_resources/lesson_plans_resources/5th_years/lesson_16_16_10_20/lesson_16.docx,ba0ace396846f85dbec35197bad34a3044cd2a5ed8e77f5219fea0e529a38dc8,46096,lesson_16.docx,,,,,
./education/4bme1_placement_balefired/2_plans_preparation_resources/lesson_plans_resources/5th_years/lesson_16_16_10_20/word_problems_equations_book.pdf,e56baa77bd304f16990458162c75a3b3aee50a476ed0d68de9f8d37a1405bbdf,1962546,word_problems_equations_book.pdf,,,,,
./education/4bme1_placement_balefired/2_plans_preparation_resources/lesson_plans_resources/5th_years/lesson_43_01_12_20/fraction_wall.pdf,4d0ce99a7dc390100dcf4290c2655d33e88fccf9758ec5b867146fb0eb162ff4,59061,fraction_wall.pdf,,,,,
./education/4bme1_placement_balefired/2_plans_preparation_resources/lesson_plans_resources/5th_years/lesson_43_01_12_20/multiplying_fractions_area_model.ggb,264f5340cd6613e6610746af63e7bf257cdea41c111b673055702dc26e2bb328,12321,multiplying_fractions_area_model.ggb,,,,,
./education/4bme1_placement_balefired/2_plans_preparation_resources/lesson_plans_resources/5th_years/lesson_43_01_12_20/lesson_43.docx,2d8cdea4e379b80d46420c73160b31b9851b1ba3707629cb352d8124e678694c,43644,lesson_43.docx,,,,,
./education/4bme1_placement_balefired/2_plans_preparation_resources/lesson_plans_resources/5th_years/lesson_43_01_12_20/dividing_fractions.pdf,b447ab0047e7d4230981646871a34f2a6322e79b06b070b904f00ecb030dd559,369162,dividing_fractions.pdf,,,,,
./education/4bme1_placement_balefired/2_plans_preparation_resources/lesson_plans_resources/5th_years/lesson_43_01_12_20/rational_numbers_questions_book.pdf,dc7de9e52b85c3652d07a670780e3bac206fc669420cd3d73d78a5b8a9754c70,1156976,rational_numbers_questions_book.pdf,,,,,
./education/4bme1_placement_balefired/2_plans_preparation_resources/lesson_plans_resources/1st_years/lesson_34_23_10_20/lesson_34.docx,a61cb3cb2db9d0fbddb5ecaf0f40dd51228f99cf087a5c35edcce8810594a2ea,40696,lesson_34.docx,,,,,
./education/4bme1_placement_balefired/2_plans_preparation_resources/lesson_plans_resources/1st_years/lesson_15_25_09_20/lesson_15.docx,2ba1709d6136ee119e40653cb271318159d3ec0e9a568220a0ef6d6de0fe5cc5,40060,lesson_15.docx,,,,,
./education/4bme1_placement_balefired/2_plans_preparation_resources/lesson_plans_resources/1st_years/lesson_15_25_09_20/numbers_test.docx,d0f8737d0700eb3e9c908f53b1d712240f1d41ee27e580ca33b9d670833c42fe,127440,numbers_test.docx,,,,,
./education/4bme1_placement_balefired/2_plans_preparation_resources/lesson_plans_resources/1st_years/lesson_39_06_11_20/dividing_decimals_by_10.pdf,bafaeaf3b8f22cc2bbd52ca0fd4e0068fc7dfab2981036877e39352c1caba224,39026,dividing_decimals_by_10.pdf,,,,,
./education/4bme1_placement_balefired/2_plans_preparation_resources/lesson_plans_resources/1st_years/lesson_39_06_11_20/lesson_39.docx,c7e2e1a9ac3bb6d4e3ba52467f37925c3210421938684589841134d0d37f27c2,41917,lesson_39.docx,,,,,
./education/4bme1_placement_balefired/2_plans_preparation_resources/lesson_plans_resources/1st_years/lesson_39_06_11_20/dividing_decimals_by_100.pdf,b7b39147bef2a458c42a721a94f17a63d06c67fc0f62b8251293cf8017c1f944,39116,dividing_decimals_by_100.pdf,,,,,
./education/4bme1_placement_balefired/2_plans_preparation_resources/lesson_plans_resources/1st_years/lesson_66_17_12_20/probability_worksheets.pdf,8414d3a0da4bddcd60a098fd676e014e7032d58d7e2dbcd31cc1f4d8b2c3c93d,1038662,probability_worksheets.pdf,,,,,
./education/4bme1_placement_balefired/2_plans_preparation_resources/lesson_plans_resources/1st_years/lesson_66_17_12_20/lesson_66.docx,9743509b9d0fa5bb335e146998ec80eaa2c3e11933215c1822b3a8f663a199c3,41065,lesson_66.docx,,,,,
./education/4bme1_placement_balefired/2_plans_preparation_resources/lesson_plans_resources/1st_years/lesson_53_26_11_20/lesson_53.docx,dcec18c789e115f3f0b2a3a0ae626a327fd7ea66fb8e40e29f84736c31ba9efb,43118,lesson_53.docx,,,,,
./education/4bme1_placement_balefired/2_plans_preparation_resources/lesson_plans_resources/1st_years/lesson_53_26_11_20/algebra_using_symbols_questions_book.pdf,9b6b72ce6f6cd3c2a1c071def2192a1dbe9c7eb90808c79a6c5361723b4c4e77,1927816,algebra_using_symbols_questions_book.pdf,,,,,
./education/4bme1_placement_balefired/2_plans_preparation_resources/lesson_plans_resources/1st_years/lesson_7_15_09_20/prime_factorisation.pdf,019c10f2fd00c7c3cf9fb24f438a625175d70654c5305739a181b6e8e36fbd22,5085195,prime_factorisation.pdf,,,,,
./education/4bme1_placement_balefired/2_plans_preparation_resources/lesson_plans_resources/1st_years/lesson_7_15_09_20/prime_numbers_questions_book.pdf,899fb1f5d62ae399e02749406c34124f678b7d215f38d0c104669cb2ebb378b5,2001097,prime_numbers_questions_book.pdf,,,,,
./education/4bme1_placement_balefired/2_plans_preparation_resources/lesson_plans_resources/1st_years/lesson_7_15_09_20/lesson_7.docx,da6b1ebc297ad329dd09252d32223732f618971c7d7e96b5e15d02b8007b4e51,44400,lesson_7.docx,,,,,
./education/4bme1_placement_balefired/2_plans_preparation_resources/lesson_plans_resources/1st_years/lesson_12_22_09_20/lesson_12.docx,7afdceebfeefba47fb9b2c5d76e78a070c3d29ca607bbc05cfe98929c5fb3da3,45955,lesson_12.docx,,,,,
./education/4bme1_placement_balefired/2_plans_preparation_resources/lesson_plans_resources/1st_years/lesson_12_22_09_20/properties_of_numbers_questions_book.png,6da753eb813782e8e7c7efa75ade3e55761d6fed41e797e83c36c79dc5754550,1147005,properties_of_numbers_questions_book.png,,,,,
./education/4bme1_placement_balefired/2_plans_preparation_resources/lesson_plans_resources/1st_years/lesson_27_14_10_20/improper_fractions.pdf,de95435a2d23e82be81c77def50e211870982877f76b4916f43b634c853b826b,71394,improper_fractions.pdf,,,,,
./education/4bme1_placement_balefired/2_plans_preparation_resources/lesson_plans_resources/1st_years/lesson_27_14_10_20/addition_and_subtraction_of_fractions_questions_book.pdf,0e1b7b920eed63720307883ce1f9aac1c5a0ce52db3ad978e9283f5140de16e0,1558297,addition_and_subtraction_of_fractions_questions_book.pdf,,,,,
./education/4bme1_placement_balefired/2_plans_preparation_resources/lesson_plans_resources/1st_years/lesson_27_14_10_20/lesson_27.docx,bd6fa069c668eeb71227a24e5fa46de77832efb6e6804563ae0dd8661c7983a0,43082,lesson_27.docx,,,,,
./education/4bme1_placement_balefired/2_plans_preparation_resources/lesson_plans_resources/1st_years/lesson_22_07_10_20/lesson_22.docx,693d66a40f7cb6f72e82fbbf1007dc7bbf1a63b8b0a5339ea055e74e90e925eb,40299,lesson_22.docx,,,,,
./education/4bme1_placement_balefired/2_plans_preparation_resources/lesson_plans_resources/1st_years/lesson_22_07_10_20/integers_test.docx,614621a67af5b48d17023f5de550be0dc0bf051217611616898d04c8829f5d27,218681,integers_test.docx,,,,,
./education/4bme1_placement_balefired/2_plans_preparation_resources/lesson_plans_resources/1st_years/lesson_57_02_12_20/lesson_57.docx,da3cd00bef6b322344748c3b20e732e04aa229f318b55146fb449057f2e05d57,40972,lesson_57.docx,,,,,
./education/4bme1_placement_balefired/2_plans_preparation_resources/lesson_plans_resources/1st_years/lesson_57_02_12_20/multiply_brackets_questions_book.png,981425fdbb072d1bb00859e2d687ddba8f6e5645a5aa2e321b0a183a4e8a237b,1059461,multiply_brackets_questions_book.png,,,,,
./education/4bme1_placement_balefired/2_plans_preparation_resources/lesson_plans_resources/1st_years/lesson_54_27_11_20/algebra_poster.pdf,36c8224a495a8a52b614502f5f678f5672b99ffc1b198a3653d8e119e0901670,1424908,algebra_poster.pdf,,,,,
./education/4bme1_placement_balefired/2_plans_preparation_resources/lesson_plans_resources/1st_years/lesson_54_27_11_20/lesson_54.docx,e4061bd2e585f210a54c86ca4ac2dbb018c04a7480ac79c4c79bd956c47c413e,42324,lesson_54.docx,,,,,
./education/4bme1_placement_balefired/2_plans_preparation_resources/lesson_plans_resources/1st_years/lesson_54_27_11_20/algebra_using_letters_questions_book.pdf,e0fab4bae1c7efe179f6ed822dbc163cfce7523bd79ef809b28fd41c0b7616ed,3036998,algebra_using_letters_questions_book.pdf,,,,,
./education/4bme1_placement_balefired/2_plans_preparation_resources/lesson_plans_resources/1st_years/lesson_33_22_10_20/lesson_33.docx,5ad8c1c9a79610cfc15822d148e51406b482f872dc0e7fbe00d21941176fcadf,42269,lesson_33.docx,,,,,
./education/4bme1_placement_balefired/2_plans_preparation_resources/lesson_plans_resources/1st_years/lesson_33_22_10_20/fraction_questions_book.png,6c72ab0ebaa3bb714d49a37c9ae639fff52ec31f8c0954c90d76fe9a69b725f8,1206021,fraction_questions_book.png,,,,,
./education/4bme1_placement_balefired/2_plans_preparation_resources/lesson_plans_resources/1st_years/lesson_16_29_09_20/lesson_16.docx,f61d4569d39eec96142718e14db39eb4a5b294d6eb6330f25c5fa46712e9622e,38755,lesson_16.docx,,,,,
./education/4bme1_placement_balefired/2_plans_preparation_resources/lesson_plans_resources/1st_years/lesson_16_29_09_20/numbers_test.docx,d0f8737d0700eb3e9c908f53b1d712240f1d41ee27e580ca33b9d670833c42fe,127440,numbers_test.docx,,,,,
./education/4bme1_placement_balefired/2_plans_preparation_resources/lesson_plans_resources/1st_years/lesson_13_23_09_20/lesson_13.docx,3f1f0d49622686bddf2b969ba64ac246aa09cf425377677ff50f841b11143a2e,45108,lesson_13.docx,,,,,
./education/4bme1_placement_balefired/2_plans_preparation_resources/lesson_plans_resources/1st_years/lesson_13_23_09_20/array_method_questions_book.png,eec730d600c83cc2da2daaf8410f40e2828ec0ff3b7101203419e565e2e4f38a,1437334,array_method_questions_book.png,,,,,
./education/4bme1_placement_balefired/2_plans_preparation_resources/lesson_plans_resources/1st_years/lesson_17_30_09_20/integers_questions_book.png,905a62bd9a846f3f1c92b8e467381c3ccd873b40bfcc17c5dfc79fe4034159d4,1001844,integers_questions_book.png,,,,,
./education/4bme1_placement_balefired/2_plans_preparation_resources/lesson_plans_resources/1st_years/lesson_17_30_09_20/lesson_17.docx,f023f71f7fa2338ae27616451e68a9697f77760cee9acd6f57c741581963124b,45884,lesson_17.docx,,,,,
./education/4bme1_placement_balefired/2_plans_preparation_resources/lesson_plans_resources/1st_years/lesson_6_14_09_20/factorize.webarchive,665e515f3c6ec47305e792850da5b82ba1357ba2dc7746af8da18a31d6127619,2469498,factorize.webarchive,,,,,
./education/4bme1_placement_balefired/2_plans_preparation_resources/lesson_plans_resources/1st_years/lesson_6_14_09_20/prime_and_composite.pdf,211f4c3500dbec014dd163a8c9fbfd01ae53180bd27ed49642efc18ba43f6fdd,6286710,prime_and_composite.pdf,,,,,
./education/4bme1_placement_balefired/2_plans_preparation_resources/lesson_plans_resources/1st_years/lesson_6_14_09_20/prime_numbers_question_book.png,734fd0671de1424b825260cc8e0091fad9852c0e3d269e4eba53fb1bd9a5d3c6,1113775,prime_numbers_question_book.png,,,,,
./education/4bme1_placement_balefired/2_plans_preparation_resources/lesson_plans_resources/1st_years/lesson_6_14_09_20/lesson_6.docx,d712d85ee6fdc3ac3f5a2db42b43a00391e7da18d10ff5ddd662485698781401,42434,lesson_6.docx,,,,,
./education/4bme1_placement_balefired/2_plans_preparation_resources/lesson_plans_resources/1st_years/lesson_26_13_10_20/adding_and_subtracting_fractions.pdf,19f9aca18ed5c3fdced57536cf677c9701e5230b4bef1a79138c1b0833aacccd,85003,adding_and_subtracting_fractions.pdf,,,,,
./education/4bme1_placement_balefired/2_plans_preparation_resources/lesson_plans_resources/1st_years/lesson_26_13_10_20/addition_and_subtraction_of_fractions_questions_book.pdf,0e1b7b920eed63720307883ce1f9aac1c5a0ce52db3ad978e9283f5140de16e0,1558297,addition_and_subtraction_of_fractions_questions_book.pdf,,,,,
./education/4bme1_placement_balefired/2_plans_preparation_resources/lesson_plans_resources/1st_years/lesson_26_13_10_20/lesson_26.docx,b1e81c0de3ff3424a8cbf777b6069c27d348e7ec75ba91a8a563a8374f5d0742,44632,lesson_26.docx,,,,,
./education/4bme1_placement_balefired/2_plans_preparation_resources/lesson_plans_resources/1st_years/lesson_26_13_10_20/adding_fractions_visual.ggb,153572d647ee12169a791016afd2d1981457d5b340c1541294643ba17d152087,7320,adding_fractions_visual.ggb,,,,,
./education/4bme1_placement_balefired/2_plans_preparation_resources/lesson_plans_resources/1st_years/lesson_48_19_11_20/lesson_48.docx,1a8af687166beea2489c3c988f0ea6e44fa3d61103fcf4463f2271bf82d34208,41879,lesson_48.docx,,,,,
./education/4bme1_placement_balefired/2_plans_preparation_resources/lesson_plans_resources/1st_years/lesson_61_08_12_20/jct_christmas_maths_book.pdf,61329e76a23e83c9728e9babe385a3c34bf020de7ed3946519836976c8078cc4,3521558,jct_christmas_maths_book.pdf,,,,,
./education/4bme1_placement_balefired/2_plans_preparation_resources/lesson_plans_resources/1st_years/lesson_61_08_12_20/lesson_61.docx,27dd4be6920bce86ed94c6d9f418df2dd096293b3e01830ad730e1ad39beb5b8,39884,lesson_61.docx,,,,,
./education/4bme1_placement_balefired/2_plans_preparation_resources/lesson_plans_resources/1st_years/lesson_61_08_12_20/maths_box.pdf,2f6b5921565e3c2a1d58aa4908947b963bf8f564cf39e453605899c25bcaab8e,5676416,maths_box.pdf,,,,,
./education/4bme1_placement_balefired/2_plans_preparation_resources/lesson_plans_resources/1st_years/lesson_61_08_12_20/flash_master.pdf,90fedec08431d9cda28e2a703109b8f47fc9a66fa5899be022f36c95ae3d665a,874424,flash_master.pdf,,,,,
./education/4bme1_placement_balefired/2_plans_preparation_resources/lesson_plans_resources/1st_years/lesson_52_25_11_20/lesson_52.docx,2e31916bd9f63cf701eb9e5287d083dc1d1d1146ba59bafb3d142b263c5439f0,42304,lesson_52.docx,,,,,
./education/4bme1_placement_balefired/2_plans_preparation_resources/lesson_plans_resources/1st_years/lesson_52_25_11_20/symbols_matching_activity.pdf,c1b64ee3d91e52345f26a2ebf114c20c49379687177fde10c571b6e7919296ff,55575,symbols_matching_activity.pdf,,,,,
./education/4bme1_placement_balefired/2_plans_preparation_resources/lesson_plans_resources/1st_years/lesson_52_25_11_20/algebra_using_symbols_questions_book.pdf,9b6b72ce6f6cd3c2a1c071def2192a1dbe9c7eb90808c79a6c5361723b4c4e77,1927816,algebra_using_symbols_questions_book.pdf,,,,,
./education/4bme1_placement_balefired/2_plans_preparation_resources/lesson_plans_resources/1st_years/lesson_35_02_11_20/fractions_to_decimals.pdf,c57384cfcb26551505fceb15dbc8bd5bc57f46cfa88c7e2659a799b2848388a9,217055,fractions_to_decimals.pdf,,,,,
./education/4bme1_placement_balefired/2_plans_preparation_resources/lesson_plans_resources/1st_years/lesson_35_02_11_20/lesson_35.docx,8be16d98da182bc3367c52eef9ae718a1d2cac82f039404260b08d15e72694ae,46089,lesson_35.docx,,,,,
./education/4bme1_placement_balefired/2_plans_preparation_resources/lesson_plans_resources/1st_years/lesson_35_02_11_20/fractions_and_decimals_wall.pdf,fd0621bdfc42049235277e658ebdf725c84eec12abd6ad697ae18218f15be0cb,32002,fractions_and_decimals_wall.pdf,,,,,
./education/4bme1_placement_balefired/2_plans_preparation_resources/lesson_plans_resources/1st_years/lesson_35_02_11_20/ordering_decimals.pdf,db2ee4f57e1197e34fdd9e53de919d935f17f46ae9840875e17da714f87eb5bb,140644,ordering_decimals.pdf,,,,,
./education/4bme1_placement_balefired/2_plans_preparation_resources/lesson_plans_resources/1st_years/lesson_14_24_09_20/lesson_14.docx,75fe36999c2eae0ec4afccbb164cf66292a32b6de82ef3cb1f732f6356bbac18,39807,lesson_14.docx,,,,,
./education/4bme1_placement_balefired/2_plans_preparation_resources/lesson_plans_resources/1st_years/lesson_14_24_09_20/numbers_test_revision.pdf,6d9e7215cb7800ecbcf9f752df47bc4c6cb1b21a196ed086dfe33fcffd36f5d6,2243956,numbers_test_revision.pdf,,,,,
./education/4bme1_placement_balefired/2_plans_preparation_resources/lesson_plans_resources/1st_years/lesson_38_05_11_20/lesson_38.docx,e05d58b37a633612ca2131bcfb528502bbbc2c3e5b57678da1f1179c76af7607,43682,lesson_38.docx,,,,,
./education/4bme1_placement_balefired/2_plans_preparation_resources/lesson_plans_resources/1st_years/lesson_38_05_11_20/multiply_decimalsby100.pdf,bb8b7ea26298243ca5f31229b6ee164f579280a5d5f35e004fccde23e940d01b,45276,multiply_decimalsby100.pdf,,,,,
./education/4bme1_placement_balefired/2_plans_preparation_resources/lesson_plans_resources/1st_years/lesson_38_05_11_20/multiply_decimalsby10.pdf,6747a7806caba61fbb4a68a3c45be7a26e52dffa5e5787c09d69c45b90b10229,45192,multiply_decimalsby10.pdf,,,,,
./education/4bme1_placement_balefired/2_plans_preparation_resources/lesson_plans_resources/1st_years/lesson_41_10_11_20/percentages_questions_book.pdf,3db21c6b86ca51735ab29cdfe01f20d710a14e45216fc439d7759e5c90621f87,2607280,percentages_questions_book.pdf,,,,,
./education/4bme1_placement_balefired/2_plans_preparation_resources/lesson_plans_resources/1st_years/lesson_41_10_11_20/lesson_41.docx,df9876709c59869edb9de3a14fcb8aef08d849048f2696be19a626a11f21fdaf,45125,lesson_41.docx,,,,,
./education/4bme1_placement_balefired/2_plans_preparation_resources/lesson_plans_resources/1st_years/lesson_40_09_11_20/percentages_questions_book.pdf,3db21c6b86ca51735ab29cdfe01f20d710a14e45216fc439d7759e5c90621f87,2607280,percentages_questions_book.pdf,,,,,
./education/4bme1_placement_balefired/2_plans_preparation_resources/lesson_plans_resources/1st_years/lesson_40_09_11_20/percent_visualization.ggb,5c9dabd80af6c220ee430049874447dd9251e4d1a63c34269a7efde1eef9c1db,11436,percent_visualization.ggb,,,,,
./education/4bme1_placement_balefired/2_plans_preparation_resources/lesson_plans_resources/1st_years/lesson_40_09_11_20/lesson_40.docx,0e61c349069d1a53b6be2ff4e39f97daf2c741f99248afc1409ad4ec5ebf8507,46632,lesson_40.docx,,,,,
./education/4bme1_placement_balefired/2_plans_preparation_resources/lesson_plans_resources/1st_years/lesson_56_01_12_20/jct_christmas_maths_book.pdf,61329e76a23e83c9728e9babe385a3c34bf020de7ed3946519836976c8078cc4,3521558,jct_christmas_maths_book.pdf,,,,,
./education/4bme1_placement_balefired/2_plans_preparation_resources/lesson_plans_resources/1st_years/lesson_56_01_12_20/lesson_56.docx,fe657e68640a3abf0bcaa0d319e9a53e3292392e298b897a2fcc22a8ebede31c,41135,lesson_56.docx,,,,,
./education/4bme1_placement_balefired/2_plans_preparation_resources/lesson_plans_resources/1st_years/lesson_56_01_12_20/maths_box.pdf,2f6b5921565e3c2a1d58aa4908947b963bf8f564cf39e453605899c25bcaab8e,5676416,maths_box.pdf,,,,,
./education/4bme1_placement_balefired/2_plans_preparation_resources/lesson_plans_resources/1st_years/lesson_56_01_12_20/flash_master.pdf,90fedec08431d9cda28e2a703109b8f47fc9a66fa5899be022f36c95ae3d665a,874424,flash_master.pdf,,,,,
./education/4bme1_placement_balefired/2_plans_preparation_resources/lesson_plans_resources/1st_years/lesson_49_20_11_20/lesson_49.docx,5d4327b143204fb0b4eb5b16d54a7a1f7d085c206e71e1a896124c68fd68ccc8,41835,lesson_49.docx,,,,,
./education/4bme1_placement_balefired/2_plans_preparation_resources/lesson_plans_resources/1st_years/lesson_49_20_11_20/percentages_profit_and_loss_questions_book.pdf,9cee0a0e0fdda4688aa5765261a29c2f767d367c11158fb754eff90ce73bf648,3457245,percentages_profit_and_loss_questions_book.pdf,,,,,
./education/4bme1_placement_balefired/2_plans_preparation_resources/lesson_plans_resources/1st_years/lesson_46_17_11_20/increasing_or_decreasing_by_percentage_questions_book.pdf,3a94fa0d927621274593d0e171a12d8879dfc6e4de4d3e8f809070dcb13490fb,1648060,increasing_or_decreasing_by_percentage_questions_book.pdf,,,,,
./education/4bme1_placement_balefired/2_plans_preparation_resources/lesson_plans_resources/1st_years/lesson_46_17_11_20/lesson_46.docx,94c00c5ba15f5b872ad75f5e3a7d598c9997cc369011d27e5fe91ae59109891d,42104,lesson_46.docx,,,,,
./education/4bme1_placement_balefired/2_plans_preparation_resources/lesson_plans_resources/1st_years/lesson_32_21_10_20/lesson_32.docx,4c54f70688cac66f1fd261057ef05af52b7878d7182deea126e267198d5fcede,41691,lesson_32.docx,,,,,
./education/4bme1_placement_balefired/2_plans_preparation_resources/lesson_plans_resources/1st_years/lesson_32_21_10_20/fraction_word_problems_book.pdf,e1df0c535374ff253272aaae4df6197138280b0872226ad4b5bb9cc56639153a,1888443,fraction_word_problems_book.pdf,,,,,
./education/4bme1_placement_balefired/2_plans_preparation_resources/lesson_plans_resources/1st_years/lesson_42_11_11_20/percentages_of_numbers.pdf,d80b4481a5bdca8368e49c2a16875400eeced5515284e45fec7c2b4d26b14f8a,157843,percentages_of_numbers.pdf,,,,,
./education/4bme1_placement_balefired/2_plans_preparation_resources/lesson_plans_resources/1st_years/lesson_42_11_11_20/lesson_42.docx,bdd071f5733f62f417aac41cd2785771b132d18f074e961443bb3ff28d12ad94,43980,lesson_42.docx,,,,,
./education/4bme1_placement_balefired/2_plans_preparation_resources/lesson_plans_resources/1st_years/lesson_42_11_11_20/percentage_of_a_number_questions_book.pdf,2dd82dffd325e562157f8c659e2f94d6981ce09bb18e5cb50d21f036fb9f62be,1883257,percentage_of_a_number_questions_book.pdf,,,,,
./education/4bme1_placement_balefired/2_plans_preparation_resources/lesson_plans_resources/1st_years/lesson_20_05_10_20/integers_multiplication_division_questions_book.png,c3060b6fc7cc3608f48ead327a08a5c1b5cda08c9461da99a211210160917c4a,1177320,integers_multiplication_division_questions_book.png,,,,,
./education/4bme1_placement_balefired/2_plans_preparation_resources/lesson_plans_resources/1st_years/lesson_20_05_10_20/lesson_20.docx,aa7333b73e6fe574c86dc55e7d17904637b952f689cadfc1f79b579e373790b3,46044,lesson_20.docx,,,,,
./education/4bme1_placement_balefired/2_plans_preparation_resources/lesson_plans_resources/1st_years/lesson_64_11_12_20/lesson_64.docx,d73b1d898e53b1d1510a7dfe8833ad41e25582794b5892f7e03344af3ad2b904,39905,lesson_64.docx,,,,,
./education/4bme1_placement_balefired/2_plans_preparation_resources/lesson_plans_resources/1st_years/lesson_64_11_12_20/jct_christmas_maths_book.pdf,61329e76a23e83c9728e9babe385a3c34bf020de7ed3946519836976c8078cc4,3521558,jct_christmas_maths_book.pdf,,,,,
./education/4bme1_placement_balefired/2_plans_preparation_resources/lesson_plans_resources/1st_years/lesson_64_11_12_20/maths_box.pdf,2f6b5921565e3c2a1d58aa4908947b963bf8f564cf39e453605899c25bcaab8e,5676416,maths_box.pdf,,,,,
./education/4bme1_placement_balefired/2_plans_preparation_resources/lesson_plans_resources/1st_years/lesson_64_11_12_20/flash_master.pdf,90fedec08431d9cda28e2a703109b8f47fc9a66fa5899be022f36c95ae3d665a,874424,flash_master.pdf,,,,,
./education/4bme1_placement_balefired/2_plans_preparation_resources/lesson_plans_resources/1st_years/lesson_31_20_10_20/dividing_fractions_questions_book.pdf,40c036e9e86de54a6f2d11e4dfabe2a66f7c8873dd1f09b2a2071081d727b186,1923588,dividing_fractions_questions_book.pdf,,,,,
./education/4bme1_placement_balefired/2_plans_preparation_resources/lesson_plans_resources/1st_years/lesson_31_20_10_20/division_of_fractions.ggb,d95b589c08c69ec44c2ec9bb777244c3179c1099f2145db2eb3ca15595fa5972,13465,division_of_fractions.ggb,,,,,
./education/4bme1_placement_balefired/2_plans_preparation_resources/lesson_plans_resources/1st_years/lesson_31_20_10_20/lesson_31.docx,00cd36884a68a6aaf1443ce5c16e60ea3173275ce194647d48b942484d4f5bab,42294,lesson_31.docx,,,,,
./education/4bme1_placement_balefired/2_plans_preparation_resources/lesson_plans_resources/1st_years/lesson_8_16_09_20/lesson_8.docx,7faaee8b542880f8962462bfc5d9bb600a9d26be6121c79c231b14d81f19ab4c,46819,lesson_8.docx,,,,,
./education/4bme1_placement_balefired/2_plans_preparation_resources/lesson_plans_resources/1st_years/lesson_8_16_09_20/square_numbers_questions_book.png,36401a4a6bd6bc4f7183e673ec0be8748dc3b57abaf5fdfe0bc1994e456754b4,938394,square_numbers_questions_book.png,,,,,
./education/4bme1_placement_balefired/2_plans_preparation_resources/lesson_plans_resources/1st_years/lesson_19_02_10_20/lesson_19.docx,5c9374f5d305cc8360f1c04f1e22fb08b290b67ec9c472251d0f74d7c98ae1db,45899,lesson_19.docx,,,,,
./education/4bme1_placement_balefired/2_plans_preparation_resources/lesson_plans_resources/1st_years/lesson_19_02_10_20/adding_and_subtracting_integers_questions_book.pdf,58c799bf3679bf1f513ec0fe7f6434f1ac59185504df44426804fb26662e08e8,3131529,adding_and_subtracting_integers_questions_book.pdf,,,,,
./education/4bme1_placement_balefired/2_plans_preparation_resources/lesson_plans_resources/1st_years/lesson_23_08_10_20/lesson_23.docx,15b84bf8fb13efebf1749c517ac6feb3e87c449584052962d7009f60dce58ffb,43615,lesson_23.docx,,,,,
./education/4bme1_placement_balefired/2_plans_preparation_resources/lesson_plans_resources/1st_years/lesson_23_08_10_20/fractions.pdf,ac9f560dca30ddd7c9884e9d5148989bbf14b2a87dc1b5aa17faf4fefafd2548,562199,fractions.pdf,,,,,
./education/4bme1_placement_balefired/2_plans_preparation_resources/lesson_plans_resources/1st_years/lesson_5_11_09_20/lesson_5.docx,e5b188124f59e48c723e3eb624e60d429bd43500d93c254fb803fb5e46444a8a,43587,lesson_5.docx,,,,,
./education/4bme1_placement_balefired/2_plans_preparation_resources/lesson_plans_resources/1st_years/lesson_5_11_09_20/highest_common_factors_questions_book.png,8673b0c6e98a9853a6f98ad2ca218d59fe8bf8c6cbc972a87b52e1e98a243893,1024507,highest_common_factors_questions_book.png,,,,,
./education/4bme1_placement_balefired/2_plans_preparation_resources/lesson_plans_resources/1st_years/lesson_45_16_11_20/lesson_45.docx,ae712cac8f8faa87ac53b680d98a1db58d1ae8c80f8776aef6201eb9647e616a,43431,lesson_45.docx,,,,,
./education/4bme1_placement_balefired/2_plans_preparation_resources/lesson_plans_resources/1st_years/lesson_45_16_11_20/increasing_or_decreasing_by_percentage_questions_book.pdf,3a94fa0d927621274593d0e171a12d8879dfc6e4de4d3e8f809070dcb13490fb,1648060,increasing_or_decreasing_by_percentage_questions_book.pdf,,,,,
./education/4bme1_placement_balefired/2_plans_preparation_resources/lesson_plans_resources/1st_years/lesson_24_09_10_20/lesson_24.docx,b438c2f9867815f48dfa9acbd7f0646823a2254b66f5818f145fe38a5ffdf3ea,44102,lesson_24.docx,,,,,
./education/4bme1_placement_balefired/2_plans_preparation_resources/lesson_plans_resources/1st_years/lesson_24_09_10_20/colouring_by_equivalent_fractions.pdf,8653bf4e8f35c1a64fb6537f87a8891f831e3f607350f46701f086748e158093,1746450,colouring_by_equivalent_fractions.pdf,,,,,
./education/4bme1_placement_balefired/2_plans_preparation_resources/lesson_plans_resources/1st_years/lesson_24_09_10_20/fractions.pdf,ac9f560dca30ddd7c9884e9d5148989bbf14b2a87dc1b5aa17faf4fefafd2548,562199,fractions.pdf,,,,,
./education/4bme1_placement_balefired/2_plans_preparation_resources/lesson_plans_resources/1st_years/lesson_3_09_09_20/multiples.pdf,0e1aebc9b9238b4d403c0afeb456ccb4f52d52b3e91bd1fda86adf365037ed97,764483,multiples.pdf,,,,,
./education/4bme1_placement_balefired/2_plans_preparation_resources/lesson_plans_resources/1st_years/lesson_3_09_09_20/lesson_3.docx,1cc90d67727780bf5f8885023299f70aefb501fc46ccf86fe0b8f43de441bee5,45671,lesson_3.docx,,,,,
./education/4bme1_placement_balefired/2_plans_preparation_resources/lesson_plans_resources/1st_years/lesson_3_09_09_20/factors_questions_book.png,1dcf26a4cef528559475e0d911b97244291dda4e790eb664cd4a43d2ae140583,1149573,factors_questions_book.png,,,,,
./education/4bme1_placement_balefired/2_plans_preparation_resources/lesson_plans_resources/1st_years/lesson_3_09_09_20/factors.pdf,df7df5e7021683e06ef32bcc531239189676ad4a64c3d16d17d3eed6b16ffa1c,686954,factors.pdf,,,,,
./education/4bme1_placement_balefired/2_plans_preparation_resources/lesson_plans_resources/1st_years/lesson_30_19_10_20/division_of_fractions.ggb,d95b589c08c69ec44c2ec9bb777244c3179c1099f2145db2eb3ca15595fa5972,13465,division_of_fractions.ggb,,,,,
./education/4bme1_placement_balefired/2_plans_preparation_resources/lesson_plans_resources/1st_years/lesson_30_19_10_20/dividing_fractions.pdf,b447ab0047e7d4230981646871a34f2a6322e79b06b070b904f00ecb030dd559,369162,dividing_fractions.pdf,,,,,
./education/4bme1_placement_balefired/2_plans_preparation_resources/lesson_plans_resources/1st_years/lesson_30_19_10_20/lesson_30.docx,cdb74baacc85c85111ae6f58bfa277c141375dfb301389b708df69f3eb57c639,45062,lesson_30.docx,,,,,
./education/4bme1_placement_balefired/2_plans_preparation_resources/lesson_plans_resources/1st_years/lesson_67_18_12_20/multiplication_and_division_colouring.pdf,e8e2c886364d70dc8e2dd01d09a5fd380409091a34ac79fbc559a33bb351bf99,96877,multiplication_and_division_colouring.pdf,,,,,
./education/4bme1_placement_balefired/2_plans_preparation_resources/lesson_plans_resources/1st_years/lesson_67_18_12_20/christmas_maths_quiz.ppt,c2d3fe59018bbd2ee479d939cd9b3bcc6ba55aa11e7283aadf4820488aff3853,10820608,christmas_maths_quiz.ppt,,,,,
./education/4bme1_placement_balefired/2_plans_preparation_resources/lesson_plans_resources/1st_years/lesson_67_18_12_20/lesson_67.docx,7fe0d38d2d2192daee4b587b9d85b7b6f6f6119ace17e65f61723dbe1ddf7bff,41154,lesson_67.docx,,,,,
./education/4bme1_placement_balefired/2_plans_preparation_resources/lesson_plans_resources/1st_years/lesson_51_24_11_20/percentages_test.docx,2d72ceeb7754aa6075cce782b1ba101894651f3c9c870351b9bd3360f487c3f6,152722,percentages_test.docx,,,,,
./education/4bme1_placement_balefired/2_plans_preparation_resources/lesson_plans_resources/1st_years/lesson_51_24_11_20/lesson_51.docx,2207190db5cf86dffe54cce68d0dc9b639243914ff049c2da5854c43a26ea928,40598,lesson_51.docx,,,,,
./education/4bme1_placement_balefired/2_plans_preparation_resources/lesson_plans_resources/1st_years/lesson_58_03_12_20/jct_christmas_maths_book.pdf,61329e76a23e83c9728e9babe385a3c34bf020de7ed3946519836976c8078cc4,3521558,jct_christmas_maths_book.pdf,,,,,
./education/4bme1_placement_balefired/2_plans_preparation_resources/lesson_plans_resources/1st_years/lesson_58_03_12_20/lesson_58.docx,df608bcaf0667a21cd23a0a8bf5c9668a7088b8c898982be4fc8299c83fbab47,39958,lesson_58.docx,,,,,
./education/4bme1_placement_balefired/2_plans_preparation_resources/lesson_plans_resources/1st_years/lesson_58_03_12_20/maths_box.pdf,2f6b5921565e3c2a1d58aa4908947b963bf8f564cf39e453605899c25bcaab8e,5676416,maths_box.pdf,,,,,
./education/4bme1_placement_balefired/2_plans_preparation_resources/lesson_plans_resources/1st_years/lesson_58_03_12_20/flash_master.pdf,90fedec08431d9cda28e2a703109b8f47fc9a66fa5899be022f36c95ae3d665a,874424,flash_master.pdf,,,,,
./education/4bme1_placement_balefired/2_plans_preparation_resources/lesson_plans_resources/1st_years/lesson_62_09_12_20/lesson_62.docx,7e007edc8390865eb0f700d38c5caa214c464403a64d31f8da5143cb5de725d9,40875,lesson_62.docx,,,,,
./education/4bme1_placement_balefired/2_plans_preparation_resources/lesson_plans_resources/1st_years/lesson_62_09_12_20/multiplying_array_method_questions_book.png,e2db0d8da0cdddc7a449601217ff8994774a932ff40a24016110be9747c49a94,1254082,multiplying_array_method_questions_book.png,,,,,
./education/4bme1_placement_balefired/2_plans_preparation_resources/lesson_plans_resources/1st_years/lesson_28_15_10_20/lesson_28.docx,4b19a050cf70a080d0ad9eea489b97b00fdf7e525ec31375697c384e2ea4cf66,44079,lesson_28.docx,,,,,
./education/4bme1_placement_balefired/2_plans_preparation_resources/lesson_plans_resources/1st_years/lesson_28_15_10_20/multiplying_fractions_questions_book.png,65d09980e59a74a5f355d12b1dda179ead5e6954ae33ed2dbd76407c83b7aeac,806269,multiplying_fractions_questions_book.png,,,,,
./education/4bme1_placement_balefired/2_plans_preparation_resources/lesson_plans_resources/1st_years/lesson_28_15_10_20/multiplying_fractions.ggb,264f5340cd6613e6610746af63e7bf257cdea41c111b673055702dc26e2bb328,12321,multiplying_fractions.ggb,,,,,
./education/4bme1_placement_balefired/2_plans_preparation_resources/lesson_plans_resources/1st_years/lesson_25_12_10_20/lesson_25.docx,85a6b77c1700cc020070095fe0160010b30999498cd40cba9e1b7964e181fbd2,43756,lesson_25.docx,,,,,
./education/4bme1_placement_balefired/2_plans_preparation_resources/lesson_plans_resources/1st_years/lesson_25_12_10_20/simplifyand_equivalent_fractions.pdf,b591e8b329df16256f02dafbfb62641c248f5f83773f1adb74e5b35b5558832a,115039,simplifyand_equivalent_fractions.pdf,,,,,
./education/4bme1_placement_balefired/2_plans_preparation_resources/lesson_plans_resources/1st_years/lesson_63_10_12_20/lesson_63.docx,e28c119f6d488f6bcda005089f182240716092069ec8e4b16e0533eca75479d6,40683,lesson_63.docx,,,,,
./education/4bme1_placement_balefired/2_plans_preparation_resources/lesson_plans_resources/1st_years/lesson_63_10_12_20/multiplying_array_method_questions_book.png,e2db0d8da0cdddc7a449601217ff8994774a932ff40a24016110be9747c49a94,1254082,multiplying_array_method_questions_book.png,,,,,
./education/4bme1_placement_balefired/2_plans_preparation_resources/lesson_plans_resources/1st_years/lesson_36_03_11_20/rounding_decimals.pptx,c917179b7c7ae9d084ae2830e8ad64ce9e24b5ca144a75281b4a591f1ad77e8a,1482562,rounding_decimals.pptx,,,,,
./education/4bme1_placement_balefired/2_plans_preparation_resources/lesson_plans_resources/1st_years/lesson_36_03_11_20/lesson_36.docx,15e24918c8fa2d26addff298af23e10f60ee3b4fd1b0e615518d7d3ad4b82013,48383,lesson_36.docx,,,,,
./education/4bme1_placement_balefired/2_plans_preparation_resources/lesson_plans_resources/1st_years/lesson_50_23_11_20/lesson_50.docx,c45dbf07ebddba6562f1e9b5f38a1fcf91bdffdef9fe284a2340d4ecef54df9b,46653,lesson_50.docx,,,,,
./education/4bme1_placement_balefired/2_plans_preparation_resources/lesson_plans_resources/1st_years/lesson_4_10_09_20/lesson_4.docx,68e40724c4f7bc754463e4db0160dff2a1eb9c43206b83bdc7009abba936e6a5,43691,lesson_4.docx,,,,,
./education/4bme1_placement_balefired/2_plans_preparation_resources/lesson_plans_resources/1st_years/lesson_4_10_09_20/factorize.webarchive,665e515f3c6ec47305e792850da5b82ba1357ba2dc7746af8da18a31d6127619,2469498,factorize.webarchive,,,,,
./education/4bme1_placement_balefired/2_plans_preparation_resources/lesson_plans_resources/1st_years/lesson_4_10_09_20/rainbow_factors.pdf,99990c69c11a2c50cd1a6e9156191371ef125e86b4d8b8400670aa1a989350a4,317206,rainbow_factors.pdf,,,,,
./education/4bme1_placement_balefired/2_plans_preparation_resources/lesson_plans_resources/1st_years/lesson_59_04_12_20/lesson_59.docx,66e3c8cac267761a353345ceed7f05139703ef33b912dfcd624283cec98260d2,39678,lesson_59.docx,,,,,
./education/4bme1_placement_balefired/2_plans_preparation_resources/lesson_plans_resources/1st_years/lesson_59_04_12_20/jct_christmas_maths_book.pdf,61329e76a23e83c9728e9babe385a3c34bf020de7ed3946519836976c8078cc4,3521558,jct_christmas_maths_book.pdf,,,,,
./education/4bme1_placement_balefired/2_plans_preparation_resources/lesson_plans_resources/1st_years/lesson_59_04_12_20/maths_box.pdf,2f6b5921565e3c2a1d58aa4908947b963bf8f564cf39e453605899c25bcaab8e,5676416,maths_box.pdf,,,,,
./education/4bme1_placement_balefired/2_plans_preparation_resources/lesson_plans_resources/1st_years/lesson_59_04_12_20/flash_master.pdf,90fedec08431d9cda28e2a703109b8f47fc9a66fa5899be022f36c95ae3d665a,874424,flash_master.pdf,,,,,
./education/4bme1_placement_balefired/2_plans_preparation_resources/lesson_plans_resources/1st_years/lesson_55_30_11_20/lesson_55.docx,8fca73f00e8f89af7ac372f04493d868fa33793060418743090b16c3f2d0ec4a,41966,lesson_55.docx,,,,,
./education/4bme1_placement_balefired/2_plans_preparation_resources/lesson_plans_resources/1st_years/lesson_55_30_11_20/substituting_letters_questions_book.png,c28ae537eb5b652c2ca007e0a52671a98bee0a398a0c515b79dcb6f7b48cb02f,757989,substituting_letters_questions_book.png,,,,,
./education/4bme1_placement_balefired/2_plans_preparation_resources/lesson_plans_resources/1st_years/lesson_55_30_11_20/symbol_and_letter_substitution.pdf,38e9f4dd63477298016901f6e79e677668d5b005065ddd907700523a6329124b,193635,symbol_and_letter_substitution.pdf,,,,,
./education/4bme1_placement_balefired/2_plans_preparation_resources/lesson_plans_resources/1st_years/lesson_9_17_09_20/lesson_9.docx,951249b914e028564430300d7968ccf1fcbe8c8f49c33493f87f108ac6968dd4,45021,lesson_9.docx,,,,,
./education/4bme1_placement_balefired/2_plans_preparation_resources/lesson_plans_resources/1st_years/lesson_9_17_09_20/squares_and_square_roots_questions_book.png,f7820632187d618919c9b127c8823f6097c56eebc023d3a771d1b3119053e61e,1112385,squares_and_square_roots_questions_book.png,,,,,
./education/4bme1_placement_balefired/2_plans_preparation_resources/lesson_plans_resources/1st_years/lesson_21_06_10_20/integers_multiplication_division_questions_book.pdf,aeba9962c09bc15f98c14d55c2c2024721953604d8a666bbf9515c290b9add97,2135262,integers_multiplication_division_questions_book.pdf,,,,,
./education/4bme1_placement_balefired/2_plans_preparation_resources/lesson_plans_resources/1st_years/lesson_21_06_10_20/lesson_21.docx,dde594622140ecd16d708a0209c79883ec22df73516a4fc9ee60d047c0e880b7,43812,lesson_21.docx,,,,,
./education/4bme1_placement_balefired/2_plans_preparation_resources/lesson_plans_resources/1st_years/lesson_47_18_11_20/vat_questions_book.pdf,c4cb01d44a6c268a800e4f688b34e7ccaeae2fcc39627210ddab6aa8a319f305,4454043,vat_questions_book.pdf,,,,,
./education/4bme1_placement_balefired/2_plans_preparation_resources/lesson_plans_resources/1st_years/lesson_47_18_11_20/lesson_47.docx,f0bb9ce5d4e71889c21587e8d589b0a471a6a05e2db50e949fca9895953f04c4,42205,lesson_47.docx,,,,,
./education/4bme1_placement_balefired/2_plans_preparation_resources/lesson_plans_resources/1st_years/lesson_43_12_11_20/lesson_43.docx,c7db969a9dcc07f5220bf6aa0c6e43337fc04e3ef60991b5bd4501305ba1b62e,40674,lesson_43.docx,,,,,
./education/4bme1_placement_balefired/2_plans_preparation_resources/lesson_plans_resources/1st_years/lesson_37_04_11_20/adding_and_subtracting_decimals.ppt,91f7a2ae54ab1f93d5d75d51fc83918a790534b56e2dd9cb814f3af8dba395a9,4016128,adding_and_subtracting_decimals.ppt,,,,,
./education/4bme1_placement_balefired/2_plans_preparation_resources/lesson_plans_resources/1st_years/lesson_37_04_11_20/lesson_37.docx,b79d595dcb1b5bab5904cc611cf047da9b83ece95a114e4600b649667b4c4d7b,45487,lesson_37.docx,,,,,
./education/4bme1_placement_balefired/2_plans_preparation_resources/lesson_plans_resources/1st_years/lesson_10_18_09_20/order_of_operations_questions_book.pdf,92e71886267e4231f0f263da93788a445bba27f67c59745110472eb416808b90,1868498,order_of_operations_questions_book.pdf,,,,,
./education/4bme1_placement_balefired/2_plans_preparation_resources/lesson_plans_resources/1st_years/lesson_10_18_09_20/order_of_operations.pdf,7c548c345ddaad0f9c6cbb650e20de55f2c51a07ab23f462b29fff5f5bc49fe5,377704,order_of_operations.pdf,,,,,
./education/4bme1_placement_balefired/2_plans_preparation_resources/lesson_plans_resources/1st_years/lesson_10_18_09_20/lesson_10.docx,7f49cd6bf78dfe9d694ec8ed65057846b84478421a7d6a2777eea16c6b326b43,44980,lesson_10.docx,,,,,
./education/4bme1_placement_balefired/2_plans_preparation_resources/lesson_plans_resources/1st_years/lesson_18_01_10_20/lesson_18.docx,6c6a32a665574721e23007ae34e8520b3f94a05ae8a9d2832463de3e3f8dd569,45898,lesson_18.docx,,,,,
./education/4bme1_placement_balefired/2_plans_preparation_resources/lesson_plans_resources/1st_years/lesson_18_01_10_20/adding_and_subtracting_integers_questions_book.pdf,58c799bf3679bf1f513ec0fe7f6434f1ac59185504df44426804fb26662e08e8,3131529,adding_and_subtracting_integers_questions_book.pdf,,,,,
./education/4bme1_placement_balefired/2_plans_preparation_resources/lesson_plans_resources/1st_years/lesson_60_07_12_20/multiplication_involving_indices_questions_book.png,569879672c9442a8a5424df47d0204df5ee61111930ed1e0315d229375ef1754,1275074,multiplication_involving_indices_questions_book.png,,,,,
./education/4bme1_placement_balefired/2_plans_preparation_resources/lesson_plans_resources/1st_years/lesson_60_07_12_20/lesson_60.docx,6f3f92a789a38720bf6a85ae0f822bac0d01932147d90e0049886a3bb0405f09,40645,lesson_60.docx,,,,,
./education/4bme1_placement_balefired/2_plans_preparation_resources/lesson_plans_resources/1st_years/lesson_65_14_12_20/lesson_65.docx,e57c60898390071a218de7a29e6cc306b3b59d4b202fd5a5c4e0ea1c59dfaaa9,43008,lesson_65.docx,,,,,
./education/4bme1_placement_balefired/2_plans_preparation_resources/lesson_plans_resources/1st_years/lesson_11_21_09_20/order_of_operations_questions_book.png,5abf2e7ad97ac932f5a571c7a860d637d43aa9424e7238f2c3f900d329379c6c,1030848,order_of_operations_questions_book.png,,,,,
./education/4bme1_placement_balefired/2_plans_preparation_resources/lesson_plans_resources/1st_years/lesson_11_21_09_20/lesson_11.docx,c9b31cfef0eeb68a7718073259dd52bc0b0cad12b10d8f06b564ef8124855580,44261,lesson_11.docx,,,,,
./education/4bme1_placement_balefired/2_plans_preparation_resources/lesson_plans_resources/1st_years/lesson_1_07_09_20/lesson_1.docx,2e7eefb11b83f0856bac97c05fc1975646827452e81fcadabae247cf700c026d,46458,lesson_1.docx,,,,,
./education/4bme1_placement_balefired/2_plans_preparation_resources/lesson_plans_resources/1st_years/lesson_1_07_09_20/natural_numbers_questions_book.pdf,bd7a9bbaa200368334639149749b597147d51658489c534d3636ef3a3f61b6d7,1745968,natural_numbers_questions_book.pdf,,,,,
./education/4bme1_placement_balefired/2_plans_preparation_resources/lesson_plans_resources/1st_years/lesson_29_16_10_20/lesson_29.docx,763e8c517da892104e3d5661a42422cd1453e54f6bedd8ef54506e9b6cdce0da,42489,lesson_29.docx,,,,,
./education/4bme1_placement_balefired/2_plans_preparation_resources/lesson_plans_resources/1st_years/lesson_29_16_10_20/multiplying_fractions_area_model.ggb,264f5340cd6613e6610746af63e7bf257cdea41c111b673055702dc26e2bb328,12321,multiplying_fractions_area_model.ggb,,,,,
./education/4bme1_placement_balefired/2_plans_preparation_resources/lesson_plans_resources/1st_years/lesson_29_16_10_20/multiplying_fractions_questions_book.png,65d09980e59a74a5f355d12b1dda179ead5e6954ae33ed2dbd76407c83b7aeac,806269,multiplying_fractions_questions_book.png,,,,,
./education/4bme1_placement_balefired/2_plans_preparation_resources/lesson_plans_resources/1st_years/lesson_44_13_11_20/lesson_44.docx,b2e54962d129a7d2b28a13e466495789b80d70a75ab04b46d95e21f4fd8db022,42031,lesson_44.docx,,,,,
./education/4bme1_placement_balefired/2_plans_preparation_resources/lesson_plans_resources/1st_years/lesson_44_13_11_20/comparing_percentages.pdf,2debeed8c8f493ec5d481934a9e9b1d67b21eb2c3fc7b0b830626edb2bccf13d,119696,comparing_percentages.pdf,,,,,
./education/4bme1_placement_balefired/2_plans_preparation_resources/lesson_plans_resources/1st_years/lesson_2_08_09_20/lesson_2.docx,136a81bb03daa294bd6688085598de1ac57feecaf13c1d928ef0290431e39fea,44700,lesson_2.docx,,,,,
./education/4bme1_placement_balefired/2_plans_preparation_resources/lesson_plans_resources/1st_years/lesson_2_08_09_20/ways_to_show_multiplication.pdf,522a7a69dc33430ff5d2efa25b77e4b06d2bfccb859d267173787dbee59fa335,72712,ways_to_show_multiplication.pdf,,,,,
./education/4bme1_placement_balefired/2_plans_preparation_resources/lesson_plans_resources/transition_years/whodunnit_evaluating_functions.pdf,7e135fba25adec92ebaa96ba5433908489cb5460f9120cbc1698c82efc6213d2,5995383,whodunnit_evaluating_functions.pdf,,,,,
./education/4bme1_placement_balefired/2_plans_preparation_resources/lesson_plans_resources/transition_years/transformational_geometry_worksheet.docx,1d0d7f3dcf5b0d49ef4afcbf99d2f0d7a1a6434e881321facae37f813b5bf2f4,41965,transformational_geometry_worksheet.docx,,,,,
./education/4bme1_placement_balefired/2_plans_preparation_resources/schemes_of_work/scheme_of_work_1st_year.docx,7d3cf7a0ad827563ce8ed455ca3e365383881ad7840724e0db33dd528fc400fd,28814,scheme_of_work_1st_year.docx,,,,,
./education/4bme1_placement_balefired/2_plans_preparation_resources/schemes_of_work/scheme_of_work_5th_year.docx,c47dd86a265fb241ca6ea9e13584a808e19bd8d2234fb771daf6439c657dade9,27037,scheme_of_work_5th_year.docx,,,,,
./education/4bme1_placement_balefired/2_plans_preparation_resources/professionalism_teaching_council/school_placement_in_initial_teacher_education.pdf,12c8b93c71e572df09268f176a5aa8fdb9e5ff169de46dc6e030a907b220cfc8,1425971,school_placement_in_initial_teacher_education.pdf,,,,,
./education/4bme1_placement_balefired/2_plans_preparation_resources/professionalism_teaching_council/code_of_professional_conduct_for_teachers.pdf,6b02f2a415ae6d179beacc67efee67759aea38ecdfed34fac79b3168d11921c8,219266,code_of_professional_conduct_for_teachers.pdf,,,,,
./education/4bme1_placement_balefired/tc_pink_consent_form_cian.pdf,145894ffe771849a9030ea9ed89de2995649dacd735c7803cb02a5fb8ff3f7fd,1049083,tc_pink_consent_form_cian.pdf,,,,,
./education/4bme1_placement_balefired/student_work/student_work_3.pdf,5dbf2c654fd8f37e50052d73544008fdafee548037d5ca9fcac12ed901edcfba,14581491,student_work_3.pdf,,,,,
./education/4bme1_placement_balefired/student_work/student_work_2.pdf,2238ba4586f4589fd675c9660a7378962ceb1b2434575eeef7318b20cb19727e,2384375,student_work_2.pdf,,,,,
./education/4bme1_placement_balefired/student_work/student_work_1.pdf,2965caeaf5f6be36c8dd4861b9cf6882b70b73463e2b52c7b476b951ee68cbc0,3397150,student_work_1.pdf,,,,,
./education/4bme1_placement_balefired/student_work/student_work_5.pdf,4ef625a3278af90b72d99e601352c7a44c6d7db03833d9fdfcaf77eb6207bc24,1925028,student_work_5.pdf,,,,,
./education/4bme1_placement_balefired/student_work/student_work_4.pdf,ed2d1cfb7d318ea65eea02ff5c7e37a228a4daeea7dfa22b8f8f70c4515ca8c8,1553364,student_work_4.pdf,,,,,
./education/4bme1_placement_balefired/student_work/student_work_6.pdf,02d57cd9bb8fbafda51bd1fd7c19231310d9963133019c84489342b7afaf1db0,3512660,student_work_6.pdf,,,,,
./education/4bme1_placement_balefired/tc_pink_consent_form.pdf,6d4277210ada909cf9d670daa4136dc5441fa5fcbbb5c2f687b76e2558e6ad95,310335,tc_pink_consent_form.pdf,,,,,
./education/4bme1_placement_balefired/downloads_throughout_placement/jr_u2_summer_mult_day2.ppt,993c996e368a3616eae8a8d3cee488b5ec5c3772e20a252c53c269d245f2285f,30720,jr_u2_summer_mult_day2.ppt,,,,,
./education/4bme1_placement_balefired/downloads_throughout_placement/egyptmeasure506.jpg,5a59a60d9b08f04e0bffa715955e141ddb8d44a1dc93c6573f40c81665f4dc9d,89886,egyptmeasure506.jpg,,,,,
./education/4bme1_placement_balefired/downloads_throughout_placement/4bme_pd_day_2.pptx,275bf640355f8a24cb3123281df7251e413b1a3900ac04e0c906074e1d9a1b85,60820,4bme_pd_day_2.pptx,,,,,
./education/4bme1_placement_balefired/downloads_throughout_placement/28496.pdf,e67a9644e30b3841fc40e8b28cb0e69d2ea247847ef1cda194dcd6a133aa47fb,484716,28496.pdf,,,,,
./education/4bme1_placement_balefired/downloads_throughout_placement/t2_m_2365_converting_fractions_to_decimals_resource_pack_ver_2/t2_m_2008_decimal_equivalents_for_halves_and_quarters_differentiated_activity_sheets.pdf,2c7bc2dc43050742062ac354c85427940b821d5b9a9029e7886d52a82e0a10fb,454839,t2_m_2008_decimal_equivalents_for_halves_and_quarters_differentiated_activity_sheets.pdf,,,,,
./education/4bme1_placement_balefired/downloads_throughout_placement/t2_m_2365_converting_fractions_to_decimals_resource_pack_ver_2/au_t2_m_2138_year_6_converting_decimals_and_fractions_loop_cards.pdf,545379ccb024bff516e12e9ee0b1a2b60bdadb5b6e1bed54f022034f090e3e64,37961,au_t2_m_2138_year_6_converting_decimals_and_fractions_loop_cards.pdf,,,,,
./education/4bme1_placement_balefired/downloads_throughout_placement/t2_m_2365_converting_fractions_to_decimals_resource_pack_ver_2/t2_m_424_converting_fractions_to_decimals_powerpoint_quiz_ver_1.pptx,1a3df30c8a391718e5a0de952ad9aecfa996231c41115530c10e3bff21f2f582,2642377,t2_m_424_converting_fractions_to_decimals_powerpoint_quiz_ver_1.pptx,,,,,
./education/4bme1_placement_balefired/downloads_throughout_placement/t2_m_2365_converting_fractions_to_decimals_resource_pack_ver_2/t2_m_1985_uks2_converting_fractions_decimals_and_percentages_fortune_teller_other_ver_3.pdf,fcd36e7df434dfbe536d01990bca28ad6efebe69ab5d7af0673a15af134e1e11,318976,t2_m_1985_uks2_converting_fractions_decimals_and_percentages_fortune_teller_other_ver_3.pdf,,,,,
./education/4bme1_placement_balefired/downloads_throughout_placement/t2_m_2365_converting_fractions_to_decimals_resource_pack_ver_2/t_n_4556_percentages_decimals_and_fractions_numberline_bookmark.pdf,803d8cb0349c48d212706c282485226f2cf3629d67777a5a7a89830ae5587a12,2117167,t_n_4556_percentages_decimals_and_fractions_numberline_bookmark.pdf,,,,,
./education/4bme1_placement_balefired/downloads_throughout_placement/t2_m_2365_converting_fractions_to_decimals_resource_pack_ver_2/t2_m_2025_decimal_and_fraction_matching_cards.pdf,e821e853fc65ed8b2edb69c02ef1817e52720f9477a5e695a25285381539cc72,76490,t2_m_2025_decimal_and_fraction_matching_cards.pdf,,,,,
./education/4bme1_placement_balefired/downloads_throughout_placement/t2_m_2365_converting_fractions_to_decimals_resource_pack_ver_2/t2_m_2029_decimal_equivalents_for_tenths_and_hundredths_matching_cards_ver_2.pdf,8fa763ce541f16287fc4e8f994a445d1eb9e71b06f89cee870bbc57cca3781fa,269458,t2_m_2029_decimal_equivalents_for_tenths_and_hundredths_matching_cards_ver_2.pdf,,,,,
./education/4bme1_placement_balefired/downloads_throughout_placement/t2_m_2365_converting_fractions_to_decimals_resource_pack_ver_2/t2_m_2041_fraction_and_decimal_equivalent_matching_cards_ver_1.pdf,47c2b97fb4ce1ce47e6f2622a3408676f8e2bbc49e1e535b0f97677b7ec57eb5,103157,t2_m_2041_fraction_and_decimal_equivalent_matching_cards_ver_1.pdf,,,,,
./education/4bme1_placement_balefired/downloads_throughout_placement/t2_m_2365_converting_fractions_to_decimals_resource_pack_ver_2/t_n_2122_fractions_decimals_and_equivalents_display_poster_ver_1.pdf,5fbe285394db6083fcad9aca2882fce1d45206984eebf3482a2a6b7485426360,734417,t_n_2122_fractions_decimals_and_equivalents_display_poster_ver_1.pdf,,,,,
./education/4bme1_placement_balefired/downloads_throughout_placement/all_6334418/surface_are_investigation_room_layout.docx,d00a1dcb41bc5c455b99a812a5a02b7b73d84342979f0a8384b468e8b5654c78,64394,surface_are_investigation_room_layout.docx,,,,,
./education/4bme1_placement_balefired/downloads_throughout_placement/all_6334418/toblerone_extension.docx,b38e8eed9534fa9b86294515eaedf0f10eccd71db55e92f8ea662b719487d49b,93090,toblerone_extension.docx,,,,,
./education/4bme1_placement_balefired/downloads_throughout_placement/all_6334418/surface_area_investigation.docx,02f02a3ada178db0d62694bbc14c45f75a9406ff1be4251ce4fd9c3c77a2c74e,13406,surface_area_investigation.docx,,,,,
./education/4bme1_placement_balefired/downloads_throughout_placement/all_6334418/surface_area_worksheet.docx,e884219de8d485be049a852b99a0ee353a4c0c048ea7525749eafd4eda139e7a,103666,surface_area_worksheet.docx,,,,,
./education/4bme1_placement_balefired/downloads_throughout_placement/all_6334418/surface_area_year_7.pptx,65160371180cce1bf9705ce77d13f7a78ec9cdf20a22717a8c9a10edc48f2178,171716,surface_area_year_7.pptx,,,,,
./education/4bme1_placement_balefired/downloads_throughout_placement/t_m_31986_year_5_diving_into_mastery_multiplying_decimals_by_10100_and_1000_step_11_ver_12/power_point_multiplying_decimals_by_10_100_and_1000.pptx,88b288d01c7c0569ca656b2113208170d05aefc6070a9d419393ace278362b15,19873121,power_point_multiplying_decimals_by_10_100_and_1000.pptx,,,,,
./education/4bme1_placement_balefired/downloads_throughout_placement/t_m_31986_year_5_diving_into_mastery_multiplying_decimals_by_10100_and_1000_step_11_ver_12/horizontal_format_multiplying_decimals_by_10_100_and_1000.pdf,3424e94bb6f3be8e60de8bf51ce00bd05583343afceb4a8c1d469ee919d1ecde,301389,horizontal_format_multiplying_decimals_by_10_100_and_1000.pdf,,,,,
./education/4bme1_placement_balefired/downloads_throughout_placement/t_m_31986_year_5_diving_into_mastery_multiplying_decimals_by_10100_and_1000_step_11_ver_12/answers_multiplying_decimals_by_10_100_and_1000.pdf,f36c7ba39e0fdb8c22ff1497936d9f5f3ba7fd3313cb57827c1f10a518109aa9,74294,answers_multiplying_decimals_by_10_100_and_1000.pdf,,,,,
./education/4bme1_placement_balefired/downloads_throughout_placement/t_m_31986_year_5_diving_into_mastery_multiplying_decimals_by_10100_and_1000_step_11_ver_12/vertical_format_multiplying_decimals_by_10_100_and_1000.pdf,34d68f188ec7a8e9b944af9af3f70e94eb0bc478c1d626e726c50d73a6d361c7,314084,vertical_format_multiplying_decimals_by_10_100_and_1000.pdf,,,,,
./education/4bme1_placement_balefired/downloads_throughout_placement/t_m_3807_year_6_diving_into_mastery_block_2_add_and_subtract_integers_teaching_pack_ver_9/power_point_add_and_subtract_integers.pptx,490caf9c6abc356be6ed5484c5f54869fc6c33ec6201b352f3de2fa09f8cd7ef,9018581,power_point_add_and_subtract_integers.pptx,,,,,
./education/4bme1_placement_balefired/downloads_throughout_placement/t_m_3807_year_6_diving_into_mastery_block_2_add_and_subtract_integers_teaching_pack_ver_9/answers_add_and_subtract_integers.pdf,0a6c178a435842ae77289d9d842b446d3499609cde91516b88cee3ae211881f2,96936,answers_add_and_subtract_integers.pdf,,,,,
./education/4bme1_placement_balefired/downloads_throughout_placement/t_m_3807_year_6_diving_into_mastery_block_2_add_and_subtract_integers_teaching_pack_ver_9/horizontal_format_add_and_subtract_integers.pdf,1dfbd36e449a4ca071b433dd599aac214e743d82bedb708d91ebfdfe671cdfa4,325695,horizontal_format_add_and_subtract_integers.pdf,,,,,
./education/4bme1_placement_balefired/downloads_throughout_placement/t_m_3807_year_6_diving_into_mastery_block_2_add_and_subtract_integers_teaching_pack_ver_9/vertical_format_add_and_subtract_integers.pdf,79018ab747308af092622bed6f0e6ea6ed56d677b5179b11fada8e49a01ec798,349779,vertical_format_add_and_subtract_integers.pdf,,,,,
./education/4bme1_placement_balefired/downloads_throughout_placement/tt1_5_3_rounding_off_decimals.pptx,0c1d968c3005958030d398f558bc29484dec8e034b0d4f73b92bb572c3f5e0fb,21386227,tt1_5_3_rounding_off_decimals.pptx,,,,,
./education/4bme1_placement_balefired/downloads_throughout_placement/mei4_proceedings.pdf,5cb0e356714e63d95bf38d7e00b3531da87747cc82086156d9a10f36a8ac2417,14900201,mei4_proceedings.pdf,,,,,
./education/4bme1_placement_balefired/downloads_throughout_placement/t2_m_254673_year_4_decimals_maths_knowledge_organiser_english_ver_3.pdf,3e59218026eb4176c709096ba4271e002c1fdd33aee1949aca9360114bdb1526,114563,t2_m_254673_year_4_decimals_maths_knowledge_organiser_english_ver_3.pdf,,,,,
./education/4bme1_placement_balefired/downloads_throughout_placement/tt_fl_8g_solving_inequalities.pptx,3c51483277ef1c53645a434681a8afb67831b20e15253da1a4980c83fd3cd82b,2887766,tt_fl_8g_solving_inequalities.pptx,,,,,
./education/4bme1_placement_balefired/downloads_throughout_placement/netsofacube.pdf,6a74de33ab03428638afecafad4b9da00055b4a1103fc28404568c2ed1fbd422,57795,netsofacube.pdf,,,,,
./education/4bme1_placement_balefired/downloads_throughout_placement/probability_for_year_7_low_ability.docx,d3abacbdc5117a74340bb61ce1bc0eaafed3984bdf4db099f8bb24a5cb008617,45909,probability_for_year_7_low_ability.docx,,,,,
./education/4bme1_placement_balefired/downloads_throughout_placement/t2_m_431_percentages_powerpoint_ver_3.pptx,c138a12a6f5089d9969279284207a6d76e1c59d54671550d8eceda2de2f3e15a,2951734,t2_m_431_percentages_powerpoint_ver_3.pptx,,,,,
./education/4bme1_placement_balefired/downloads_throughout_placement/cross_sectional_formulation_cianf5fd1749b4b4ad44b456af7344da66f49dabb919cfbe6e118a41df2ad22134a3.pptx,7141d80b0efe9d91cd5b29d15b545b05b7a4c35d66c824f9e3c7ea4f3077c1f6,121063,cross_sectional_formulation_cianf5fd1749b4b4ad44b456af7344da66f49dabb919cfbe6e118a41df2ad22134a3.pptx,,,,,
./education/4bme1_placement_balefired/downloads_throughout_placement/au_t2_m_2117_finding_percentage_of_amounts_activity_sheets_ver_3/lower_ability.pdf,85d3fa58efd90b7bfed5e7fdf2d8cae36684083cac8fec23506f47c671a7e4bb,578858,lower_ability.pdf,,,,,
./education/4bme1_placement_balefired/downloads_throughout_placement/au_t2_m_2117_finding_percentage_of_amounts_activity_sheets_ver_3/10.pdf,8ed58fbc3cc753f73a86a6b49a49120c815cfc9d8971bc392cf50dd0b02c673d,580494,10.pdf,,,,,
./education/4bme1_placement_balefired/downloads_throughout_placement/au_t2_m_2117_finding_percentage_of_amounts_activity_sheets_ver_3/middle_ability.pdf,2b6e4960f9fc009c36d16fac708eadef03bcc22962211ffda81d5640d66ff73c,573719,middle_ability.pdf,,,,,
./education/4bme1_placement_balefired/downloads_throughout_placement/au_t2_m_2117_finding_percentage_of_amounts_activity_sheets_ver_3/10_25_50.pdf,2dd914629cd83034f3694205f3f56efee1c333474250f2f344d1a623cb946402,578693,10_25_50.pdf,,,,,
./education/4bme1_placement_balefired/downloads_throughout_placement/au_t2_m_2117_finding_percentage_of_amounts_activity_sheets_ver_3/25.pdf,6df606039aa4a251176dfbf2f00bb5aca38c2c7a63dadd7d80bd5a387ce3f363,572090,25.pdf,,,,,
./education/4bme1_placement_balefired/downloads_throughout_placement/au_t2_m_2117_finding_percentage_of_amounts_activity_sheets_ver_3/higher_ability.pdf,b2b5f5db309c59336204af1a155b18295545889c8a88eaa18669f605cf19632c,572234,higher_ability.pdf,,,,,
./education/4bme1_placement_balefired/downloads_throughout_placement/all_11970677/finding_the_volume_of_a_cylinder_1_answers.pdf,f8f18d04b214c484fcd51950174233d27e863779ffb89885fe6e24352704d6c8,714421,finding_the_volume_of_a_cylinder_1_answers.pdf,,,,,
./education/4bme1_placement_balefired/downloads_throughout_placement/all_11970677/finding_the_volume_of_cylinders_3_answers.pdf,27a8c6b487d88f7f763643b762a1b93259df9d8e0f64165adf05d3bf55c24880,625141,finding_the_volume_of_cylinders_3_answers.pdf,,,,,
./education/4bme1_placement_balefired/downloads_throughout_placement/all_11970677/finding_the_volume_of_cylinder_2_answers.pdf,9263544d54d9bf7eb5b36b5d11504493f32a6d838b316a6bba9595b07f3696f3,696221,finding_the_volume_of_cylinder_2_answers.pdf,,,,,
./education/4bme1_placement_balefired/downloads_throughout_placement/all_11970677/finding_the_volume_of_cylinders_3.pdf,1a9f1b582df9eb2ea370c511049d113b45baf70d4627d90c1e14afe7d691754e,29332,finding_the_volume_of_cylinders_3.pdf,,,,,
./education/4bme1_placement_balefired/downloads_throughout_placement/all_11970677/finding_the_volume_of_cylinders_2.pdf,0ddf7a0bdde5be758eb38ba4eb0783f5ffaaa151f111036b622c4aeee781a921,29185,finding_the_volume_of_cylinders_2.pdf,,,,,
./education/4bme1_placement_balefired/downloads_throughout_placement/lacc_2012_archimedes_tomb.pdf,2102dd9f3d42072ad7e4c6809f52492ff1c7aa5a1d19b01c9b2a56f575a3fdd5,1908415,lacc_2012_archimedes_tomb.pdf,,,,,
./education/4bme1_placement_balefired/downloads_throughout_placement/9780429494864.pdf,1ea7ae6ce8764558c53af8ece97d487a4b8e927b15f0595614d0fb1271e117e6,15741255,9780429494864.pdf,,,,,
./education/4bme1_placement_balefired/downloads_throughout_placement/2984.potx,e797d145039b07796933ac7d1c13d5e1696bc376ba1abc4ef4e1fe062405667b,188792,2984.potx,,,,,
./education/4bme1_placement_balefired/downloads_throughout_placement/volume_of_cones_and_cylinders.pptx,6fe308bbd7e674cb885e6ab0c322aa039c839657d7fe565ec466d17dfeb8cc4b,159605,volume_of_cones_and_cylinders.pptx,,,,,
./education/4bme1_placement_balefired/downloads_throughout_placement/tony_ghaye_teaching_and_learning_through_reflective_practice_a_practical_guide_for_positive_action_2011_taylor_francis_libgen_lc.pdf,16348c6c6c1b276319f0b0b534e57c3a00c4f8cb17a3b86ffec94ffe86c1ca0e,1384211,tony_ghaye_teaching_and_learning_through_reflective_practice_a_practical_guide_for_positive_action_2011_taylor_francis_libgen_lc.pdf,,,,,
./education/4bme1_placement_balefired/downloads_throughout_placement/decimals_addand_subtract_decimals_worksheetw_riddle_distance_learning_1.pdf,320375f8b957672c60b3caa3e3714f4c5a3412a4c9401025e0b6d8836e99e032,910015,decimals_addand_subtract_decimals_worksheetw_riddle_distance_learning_1.pdf,,,,,
./education/4bme1_placement_balefired/downloads_throughout_placement/au_t2_m_2517_converting_fractions_to_decimals_differentiated_activity_sheets_english_australian_ver_7.pdf,c1bd8a7c588b688977ad1d5c858ae30bfa0dd86200b7b255b30c053dd37b405d,177236,au_t2_m_2517_converting_fractions_to_decimals_differentiated_activity_sheets_english_australian_ver_7.pdf,,,,,
./education/4bme1_placement_balefired/downloads_throughout_placement/flippingthe_inequality_sign_1.pdf,91012d4135595d778f7ffacdc9bf19e6335068e37cc24738a3142ceffaed8135,230298,flippingthe_inequality_sign_1.pdf,,,,,
./education/4bme1_placement_balefired/downloads_throughout_placement/louis_cohen_et_al_a_guide_to_teaching_practice_2010_routledge_libgen_lc.pdf,8a0b1dc7ea7804896ac7d5c25cb9f11d0fa865482a8a657cef8b24fa2079753c,4381931,louis_cohen_et_al_a_guide_to_teaching_practice_2010_routledge_libgen_lc.pdf,,,,,
./education/4bme1_placement_balefired/downloads_throughout_placement/ebc7b80c_7d00_4e2e_846e_21903a33612b.pdf,911b365f0ec545252ad24b0fcb9ae17ef5fa76d06bb9e4fa2fb834cf1a0f3026,2926460,ebc7b80c_7d00_4e2e_846e_21903a33612b.pdf,,,,,
./education/4bme1_placement_balefired/downloads_throughout_placement/lc_question.pdf,0b26a5544a16e8d6d6a2134356f6c60e9192cf3e660049bd22cb5ac0768bd72e,65600,lc_question.pdf,,,,,
./education/4bme1_placement_balefired/downloads_throughout_placement/length_area_volume_test.docx,d1707b4e680dbb1d2bcfe18ba0c3bd26cdfb0ef569f662703e05ad8a65d7cbe8,671948,length_area_volume_test.docx,,,,,
./education/4bme1_placement_balefired/downloads_throughout_placement/26587.pdf,9bd037fe45c12aa769bfbf69fb2b0d25b4a225d62dc9e9d5142b4d0d86e02663,18273395,26587.pdf,,,,,
./education/4bme1_placement_balefired/downloads_throughout_placement/all_12116578/5_5_1a_worksheet_1.pdf,a97d987e54c70ecbbab179bec7571047b120517d662469c40d85d0d1142f4bf7,4813474,5_5_1a_worksheet_1.pdf,,,,,
./education/4bme1_placement_balefired/downloads_throughout_placement/all_12116578/5_5_1a_worksheet_2.pdf,b27de8547c6424aebd8c954c92d60bf643066f07e2c2feb974ff91ef114f7c8b,1640083,5_5_1a_worksheet_2.pdf,,,,,
./education/4bme1_placement_balefired/downloads_throughout_placement/all_12116578/5_5_1a_volume_of_spheres.pptx,7543291f154e189994ca4fc079f17c424cd5cb7c9c36701ed1b903926b2ed505,4361357,5_5_1a_volume_of_spheres.pptx,,,,,
./education/4bme1_placement_balefired/downloads_throughout_placement/all_12116578/5_5_1a_extension.pdf,1c5f9bf5e34868fd8359982335e29857a36bae11adc54ebda5d4822183d922e3,303968,5_5_1a_extension.pdf,,,,,
./education/4bme1_placement_balefired/downloads_throughout_placement/all_12116578/5_5_1a_examples.pdf,a88d44e1ae6a631a4497d35f91ba2c7186331e18e71402dbf939ffa02fc43aa0,241354,5_5_1a_examples.pdf,,,,,
./education/4bme1_placement_balefired/downloads_throughout_placement/tt_fl_revision_exercise_8.pptx,c15dfe3b950037c32dfb16b02ba8d9858bbdc6a81aa03a66742c7404b61c49fa,2720637,tt_fl_revision_exercise_8.pptx,,,,,
./education/4bme1_placement_balefired/downloads_throughout_placement/tt_fl_8f_inequalities.pptx,a44a26b7adf20c3529e673ca7d1333d23c3f91379835f86c2c876c9f8aaf82d6,2579874,tt_fl_8f_inequalities.pptx,,,,,
./education/4bme1_placement_balefired/downloads_throughout_placement/revised_blooms_chart.pdf,74510e3e0e901fadc80fdb9c6b80294b21c003655c5370ad9955aa841548eea1,137470,revised_blooms_chart.pdf,,,,,
./education/4bme1_placement_balefired/downloads_throughout_placement/volume_of_rectangular_prisms.pptx,f5f4cef4f671e95cbcd7f06c4cc813191e7947c0d96964f8bdc0bd0b8b3c7d90,1067260,volume_of_rectangular_prisms.pptx,,,,,
./education/4bme1_placement_balefired/downloads_throughout_placement/68_rounding_decimals_to_round_decimals_to_the_nearest_whole_number_or_tenth.pptx,faaa4bbd28fe6f13ac19d05b6bcfb2202e777159046d3c9bf4533ba2f8e94a84,281751,68_rounding_decimals_to_round_decimals_to_the_nearest_whole_number_or_tenth.pptx,,,,,
./education/4bme1_placement_balefired/downloads_throughout_placement/roi_ms_175_maths_fifthsixth_class_decimals_2_ver_1/decimal_place_value_worksheets.pdf,8c47f3cef57e1b4a00398ef46e18b4a9bc306b6d4b4855e90ea4ded652c1e752,112214,decimal_place_value_worksheets.pdf,,,,,
./education/4bme1_placement_balefired/downloads_throughout_placement/roi_ms_175_maths_fifthsixth_class_decimals_2_ver_1/ordering_decimals_up_to_3_places_worksheet/middle_ability_1.pdf,73b7bfba27677745c066c63f2bdaab6e471c613d28e46111b82a69cc50fa046a,80492,middle_ability_1.pdf,,,,,
./education/4bme1_placement_balefired/downloads_throughout_placement/roi_ms_175_maths_fifthsixth_class_decimals_2_ver_1/ordering_decimals_up_to_3_places_worksheet/middle_ability_2.pdf,794525b5ac89772214b305835765f9f2f4dc66fd8c59d567794f5a4bcdccf92c,77233,middle_ability_2.pdf,,,,,
./education/4bme1_placement_balefired/downloads_throughout_placement/roi_ms_175_maths_fifthsixth_class_decimals_2_ver_1/ordering_decimals_up_to_3_places_worksheet/lower_ability_1.pdf,f4d8419d81414970277272bd52aad33b75d173d77b1e637dd0171e64e473fb3b,67870,lower_ability_1.pdf,,,,,
./education/4bme1_placement_balefired/downloads_throughout_placement/roi_ms_175_maths_fifthsixth_class_decimals_2_ver_1/ordering_decimals_up_to_3_places_worksheet/lower_ability_2.pdf,d572514266ea6eeaa22106b58aedfcec19d19749b31bb23e615e7687b42e0740,73283,lower_ability_2.pdf,,,,,
./education/4bme1_placement_balefired/downloads_throughout_placement/roi_ms_175_maths_fifthsixth_class_decimals_2_ver_1/ordering_decimals_up_to_3_places_worksheet/higher_ability_2.pdf,3a05fd6a4be8e064a078a9e0f88020dfb60ab64923159d7ef9945e3922dd6e60,85517,higher_ability_2.pdf,,,,,
./education/4bme1_placement_balefired/downloads_throughout_placement/roi_ms_175_maths_fifthsixth_class_decimals_2_ver_1/ordering_decimals_up_to_3_places_worksheet/higher_ability_1.pdf,1abe3ff2d0399faad1595bb7e43d8c566086ee6553e723887dc27a5de8d67401,80733,higher_ability_1.pdf,,,,,
./education/4bme1_placement_balefired/downloads_throughout_placement/roi_ms_175_maths_fifthsixth_class_decimals_2_ver_1/addition_and_subtraction_of_decimals_activity_sheets/addition_and_subtraction_of_decimals_activity_sheets.pdf,127f36674e7b74f6057d6fb4a0ddddb85e8b0771672ad384a44fb29dc9688104,275388,addition_and_subtraction_of_decimals_activity_sheets.pdf,,,,,
./education/4bme1_placement_balefired/downloads_throughout_placement/roi_ms_175_maths_fifthsixth_class_decimals_2_ver_1/addition_and_subtraction_of_decimals_activity_sheets/answers.pdf,1070b231a42fe83fe01d70e1d1a5758611daf00842cc25db16754dd37fff8809,80744,answers.pdf,,,,,
./education/4bme1_placement_balefired/downloads_throughout_placement/roi_ms_175_maths_fifthsixth_class_decimals_2_ver_1/decimals_addition_worksheets.pdf,4d8f626df00d318f4ab624681deace046c49c63dab7428a902fa9cb58ca3d6a6,142523,decimals_addition_worksheets.pdf,,,,,
./education/4bme1_placement_balefired/downloads_throughout_placement/roi_ms_175_maths_fifthsixth_class_decimals_2_ver_1/decimal_place_value_challenge_differentiated_worksheet.pdf,378f2ab973bc979a4d9d372a235a6cafc9771f09ef801e9f19ed0e5d2c797bff,112287,decimal_place_value_challenge_differentiated_worksheet.pdf,,,,,
./education/4bme1_placement_balefired/downloads_throughout_placement/roi_ms_175_maths_fifthsixth_class_decimals_2_ver_1/addition_of_whole_numbers_and_decimals_to_two_places_worksheet.pdf,8a7c900e1c6b2ca054c5c87115016b059fe2b2a7d040f73f5f6a86751cf9b75a,57762,addition_of_whole_numbers_and_decimals_to_two_places_worksheet.pdf,,,,,
./education/4bme1_placement_balefired/downloads_throughout_placement/percentage_profit_loss.pptx,eea1f0841d78696b5a2e87e3c437761415d9afe8e55a96264abf833d4bc53be7,134186,percentage_profit_loss.pptx,,,,,
./education/4bme1_placement_balefired/downloads_throughout_placement/tp2_m_41286_differentiated_common_factors_common_multiples_and_prime_numbers_activity_sheets_ver_6/plan_it_y6_asmd_multiples_and_prime_numbers_differenatiated_home_learning_tasks.pdf,17b0735963bce67494974406049f2bf7f6f6471451dd172cd06e1d4a8f415686,312839,plan_it_y6_asmd_multiples_and_prime_numbers_differenatiated_home_learning_tasks.pdf,,,,,
./education/4bme1_placement_balefired/downloads_throughout_placement/tp2_m_41286_differentiated_common_factors_common_multiples_and_prime_numbers_activity_sheets_ver_6/plan_it_y6_asmd_multiples_and_prime_numbers_differenatiated_home_learning_tasks_higher_ability.pdf,d26685e485b7925f75180fa6f1fe403357a09a4b0a3fa9eba88bacb9d4736604,162510,plan_it_y6_asmd_multiples_and_prime_numbers_differenatiated_home_learning_tasks_higher_ability.pdf,,,,,
./education/4bme1_placement_balefired/downloads_throughout_placement/tp2_m_41286_differentiated_common_factors_common_multiples_and_prime_numbers_activity_sheets_ver_6/plan_it_y6_asmd_multiples_and_prime_numbers_differenatiated_home_learning_tasks_medium_ability.PDF,d32c2729c81b688298d991588e0f9b92473ae0d3d9e4c821dbb701769ada7cef,124973,plan_it_y6_asmd_multiples_and_prime_numbers_differenatiated_home_learning_tasks_medium_ability.PDF,,,,,
./education/4bme1_placement_balefired/downloads_throughout_placement/tp2_m_41286_differentiated_common_factors_common_multiples_and_prime_numbers_activity_sheets_ver_6/plan_it_y6_asmd_multiples_and_prime_numbers_differenatiated_home_learning_tasks_editable.docx,d404efdea1307905b2aa75fc9cc4afc2d8f3e6f3633fcaa9828b12d44915f105,3079008,plan_it_y6_asmd_multiples_and_prime_numbers_differenatiated_home_learning_tasks_editable.docx,,,,,
./education/4bme1_placement_balefired/downloads_throughout_placement/tp2_m_41286_differentiated_common_factors_common_multiples_and_prime_numbers_activity_sheets_ver_6/plan_it_y6_asmd_multiples_and_prime_numbers_differenatiated_home_learning_tasks_lower_ability.pdf,9af424d2d1de7c4aea1a4013301077495992e9fa06617a65b87e814c521e540c,141672,plan_it_y6_asmd_multiples_and_prime_numbers_differenatiated_home_learning_tasks_lower_ability.pdf,,,,,
./education/4bme1_placement_balefired/downloads_throughout_placement/m_ryan_thesis.pdf,e9f8f58b97ce6a52bbea6febdc3f19441a68a35fb31a009047146263e59f1af8,1303251,m_ryan_thesis.pdf,,,,,
./education/4bme1_placement_balefired/downloads_throughout_placement/321exit_slip_1.pdf,11acd3a7404743ceb3315059e13fee63eea249be643d51e94ee3ebff6a4702dd,20205,321exit_slip_1.pdf,,,,,
./education/4bme1_placement_balefired/downloads_throughout_placement/9082150083785.pdf,63b38bfdda7f331257434ac9814b377f5829d06cac1a68fddeeb1705789c3b38,191588,9082150083785.pdf,,,,,
./education/4bme1_placement_balefired/downloads_throughout_placement/inequality_notes_12_2.ppt,bdc1cd961ae1bfc59348cd88ca35ad8422241b1ef8869365ac5ce0342209b217,1044992,inequality_notes_12_2.ppt,,,,,
./education/4bme1_placement_balefired/downloads_throughout_placement/ae_inequalities_on_number_lines_multiple_choice.pptx,95e586db3a8f5662cf241cc98de8c1e6ed79ac40af687d9e7649d8468bfcd54a,753128,ae_inequalities_on_number_lines_multiple_choice.pptx,,,,,
./education/4bme1_placement_balefired/downloads_throughout_placement/all_11449378/collaborative_math_mosaics_christmas_bundle_12_mosaics.zip,0f057836508d7b2b276f2684dcb87890cf8d6ee2f2917ed07c53685b7177216e,12409994,collaborative_math_mosaics_christmas_bundle_12_mosaics.zip,,,,,
./education/4bme1_placement_balefired/downloads_throughout_placement/all_11449378/versions_image.png,c10fcfc9a9e69cb76440752d8ba399a8c5794c7592c6b4990940e72bb44ee3af,97326,versions_image.png,,,,,
./education/4bme1_placement_balefired/downloads_throughout_placement/all_11449378/nativity_picture.png,fc30f7032ee64eeb38b55398829268dfaeca3edaef27bd40b8f7d55e21b147d2,32452,nativity_picture.png,,,,,
./education/4bme1_placement_balefired/downloads_throughout_placement/all_11449378/worksheet_image.png,b275cbd06afb221eaf733fc6e025dbe5ab0fba366439d80c1fed88d6e48e1b89,170506,worksheet_image.png,,,,,
./education/4bme1_placement_balefired/downloads_throughout_placement/jc_mathematics_specification.pdf,3f86fb709ab079667b45479cf5eafb94176dc281f550168abb311c1a3e40c5aa,1174271,jc_mathematics_specification.pdf,,,,,
./education/4bme1_placement_balefired/downloads_throughout_placement/5261955468256.pdf,fa3a41e523554efd04d558d2a62cbf84353dbae7f8d58e7c499b4dcdca113e58,441966,5261955468256.pdf,,,,,
./education/4bme1_placement_balefired/downloads_throughout_placement/variables_and_algebraic_expressions_tpys9q.ppt,d8a980c1060409d54f3742d36774b01b2689e0cbfc68a0e6b0aecf18b492cf0a,225280,variables_and_algebraic_expressions_tpys9q.ppt,,,,,
./education/4bme1_placement_balefired/downloads_throughout_placement/321exit_ticket_1.doc,795825a8a7aa1652cfb4c87905b35e9d9f5437930921f3d5a7dc74e27d97dc01,29184,321exit_ticket_1.doc,,,,,
./education/4bme1_placement_balefired/downloads_throughout_placement/us2_m_289_volume_of_shapes_activity_powerpoint_english_ver_2.ppt,63b6686ae2cf61c441371e5086712662c879550238f67182c43041b556f61b36,3810816,us2_m_289_volume_of_shapes_activity_powerpoint_english_ver_2.ppt,,,,,
./education/4bme1_placement_balefired/downloads_throughout_placement/au_n_623_christmas_doubles_colouring_activity_sheets_english.pdf,819f1a7cd69fdcddf2539b55391cc18a99dd18b7ab0829d09a13b7fad202972f,749494,au_n_623_christmas_doubles_colouring_activity_sheets_english.pdf,,,,,
./education/4bme1_placement_balefired/downloads_throughout_placement/volumes_of_solids.ppt,6df9e1d94bc33ef9c92ec741e478c4a6a3e2b6cd396423351ddfaa62f5dd4311,282624,volumes_of_solids.ppt,,,,,
./education/4bme1_placement_balefired/downloads_throughout_placement/all_11295427/cylinders2.pdf,1b3ba456fb8dc589e3ae7a5c0b516ffc54c9268e788b0ad5d9f30df3446683fd,265335,cylinders2.pdf,,,,,
./education/4bme1_placement_balefired/downloads_throughout_placement/all_11295427/cylinders.pdf,ebca35ac2bb145fbc3f305fb1cfd21a0c6419ac3ea9cad6bc678846fa824bf5e,273591,cylinders.pdf,,,,,
./education/4bme1_placement_balefired/downloads_throughout_placement/percentages.ppt,9d214a39e461be313b31cf038ffd9053a23046de731e24e9c5d50715de85b63d,473088,percentages.ppt,,,,,
./education/4bme1_placement_balefired/downloads_throughout_placement/drawing_nets_of_cuboids.docx,f0d1cfe4f362c4790f960ed0f8e3f78107ec8a546cdef4814e9669686277754a,18670,drawing_nets_of_cuboids.docx,,,,,
./education/4bme1_placement_balefired/downloads_throughout_placement/introduction_to_nets.pptx,c7066533d94524cdf8d26618a9031ec174801f1a6fd535d005900c524e9b8c98,5431778,introduction_to_nets.pptx,,,,,
./education/4bme1_placement_balefired/downloads_throughout_placement/t2_m_1738_year_5_multiplication_and_division_prime_and_composite_numbers_maths_mastery_activities_power_point_ver_1.ppt,9f3598179099be70123c4def6ad82ca8aa812a98959f8b68d6d3f1ef13142422,3286016,t2_m_1738_year_5_multiplication_and_division_prime_and_composite_numbers_maths_mastery_activities_power_point_ver_1.ppt,,,,,
./education/4bme1_placement_balefired/downloads_throughout_placement/woolfolk_anita_educational_psychology_2017_pearson_libgen_lc.pdf,3b67206a2c8bee577034c5c37e40a9468c4a8b5643ce073b706ad34db433cf15,29976023,woolfolk_anita_educational_psychology_2017_pearson_libgen_lc.pdf,,,,,
./education/4bme1_placement_balefired/downloads_throughout_placement/all_6051310/2_activities.pdf,48cce720f20ab40078a5e4c27e26a92a672d4935de2c1a7dff1012b5c77f1cd0,53754,2_activities.pdf,,,,,
./education/4bme1_placement_balefired/downloads_throughout_placement/all_6051310/6_mental_tests.pdf,8b3cdbdeac62b0e36c7c236f3b4607709fff0fd5fcf79ef08c6cfae3605b7244,11001,6_mental_tests.pdf,,,,,
./education/4bme1_placement_balefired/downloads_throughout_placement/all_6051310/1_practice_book.pdf,65beaaba730edf2a9ea2f2e80bff42310be6750a1b7a9c9c4fffff3faa586b9a,91735,1_practice_book.pdf,,,,,
./education/4bme1_placement_balefired/downloads_throughout_placement/all_6051310/10_teaching_notes.pdf,d0dd331129b01e6377f1f6b48cf7af884528079df1a09db565f37c8e8f5de933,12089,10_teaching_notes.pdf,,,,,
./education/4bme1_placement_balefired/downloads_throughout_placement/all_6051310/7_overhead_slides.pdf,1ecc49c58598a5cea6f80eb19db5c233c9ce884d8dfe6a931653f11292840315,93492,7_overhead_slides.pdf,,,,,
./education/4bme1_placement_balefired/downloads_throughout_placement/all_6051310/9_revision_test.pdf,aa64cf67de87babd081c9a8335389a031721c2fff082bcd170e86be2895f9d36,38568,9_revision_test.pdf,,,,,
./education/4bme1_placement_balefired/downloads_throughout_placement/all_6051310/8_practice_book_answers.pdf,217bf954db99561f9d1a3d33e5052e3edf30696a192f10481b4f4a685dee8db6,74557,8_practice_book_answers.pdf,,,,,
./education/4bme1_placement_balefired/downloads_throughout_placement/all_6051310/5_detailed_lesson_plans.pdf,97c7c7bbc905f97e2b1624b7a4a0c40f8753b08677da9c60f207a2aa786e8072,65675,5_detailed_lesson_plans.pdf,,,,,
./education/4bme1_placement_balefired/downloads_throughout_placement/all_6051310/4_lesson_plans.pdf,189965711e53f1717df77e37e5a664d3d0cd7d7bdf0745ddfd9db0b47ba79da0,12125,4_lesson_plans.pdf,,,,,
./education/4bme1_placement_balefired/downloads_throughout_placement/all_6051310/3_extra_exercises.pdf,daacd3e378bc797367031f0252f87a51993c0a9ceba51b6aab5e04f339af066e,46438,3_extra_exercises.pdf,,,,,
./education/4bme1_placement_balefired/downloads_throughout_placement/number_rounding_basic_d_ps_s_fs.pptx,85e1eb13e459f7b08e0b1063a2e41b2e49cc088ed7a2ebcd80a88dd6ecaac9d5,130556,number_rounding_basic_d_ps_s_fs.pptx,,,,,
./education/4bme1_placement_balefired/downloads_throughout_placement/all_11204117/number_percentages_increase_scaffolded_ans.pdf,1c3690e30223590837adb76eb2cbaa18d54c7cc329e382b4199f78c1e5a72647,233561,number_percentages_increase_scaffolded_ans.pdf,,,,,
./education/4bme1_placement_balefired/downloads_throughout_placement/all_11204117/number_percentages_increase_scaffolded.docx,94ff0b43b56dbbec0dc128c6ba4f2e14f12f948f2b8bfe44b34756af3156347f,19756,number_percentages_increase_scaffolded.docx,,,,,
./education/4bme1_placement_balefired/downloads_throughout_placement/all_11204117/number_percentages_increase_scaffolded_v2_ans.pdf,714bf47184793d7bf43895eb295beedac6bb88c7cc28bec114c99c5599bb0421,234888,number_percentages_increase_scaffolded_v2_ans.pdf,,,,,
./education/4bme1_placement_balefired/downloads_throughout_placement/all_11204117/number_percentages_increase_scaffolded_v2.docx,dbd16321db772bb7457756a27f62196006daeaadd39b30dff3e2f0c8019e3dc9,20507,number_percentages_increase_scaffolded_v2.docx,,,,,
./education/4bme1_placement_balefired/downloads_throughout_placement/all_11283659/01_linear_inequalities.ppt,9a32b6e106508231ee575f42689ed5d5a3a1365135a07618ea4f461a74d574ba,1300480,01_linear_inequalities.ppt,,,,,
./education/4bme1_placement_balefired/downloads_throughout_placement/all_11283659/02_sketching_graphs.ppt,3542395f8a8a5687057937612ff64797973e573a28e7253c21e71506161213ee,740352,02_sketching_graphs.ppt,,,,,
./education/4bme1_placement_balefired/downloads_throughout_placement/all_11283659/03_quadratic_inequalities.ppt,7e82270571a2f021ab0fdb6f188d61994b7c6a60891beac09836372cf4ec9c13,806912,03_quadratic_inequalities.ppt,,,,,
./education/4bme1_placement_balefired/downloads_throughout_placement/7th_grade_review_activity_simple_probability_game_1/knockout_scorecard_donuts.pdf,49628849ff6c0c2ac07dd251b66b34aa628f9a50d7aa84b2c9d1a06ab5d6fb2c,114251,knockout_scorecard_donuts.pdf,,,,,
./education/4bme1_placement_balefired/downloads_throughout_placement/7th_grade_review_activity_simple_probability_game_1/simple_probability_knockout_game.ppsx,1e46573c015d6ee0dfe060526b498b8997ead6d2173b43e20c85f15fc8174f89,28323180,simple_probability_knockout_game.ppsx,,,,,
./education/4bme1_placement_balefired/downloads_throughout_placement/all_7214771/all_6437354/algebra_creating_expressions_questions.doc,81594a31916ae4f77be5f1048dbe2d7671694a25b550f0144ef11097278b5239,379392,algebra_creating_expressions_questions.doc,,,,,
./education/4bme1_placement_balefired/downloads_throughout_placement/all_7214771/all_6437354/intro_to_algebra_examples_and_questions_teacher.pub,3be3bd19a9e2610abbee7b54ad7df8ad514709b65f7601050fed9f6d51ea3c4f,987136,intro_to_algebra_examples_and_questions_teacher.pub,,,,,
./education/4bme1_placement_balefired/downloads_throughout_placement/all_7214771/all_6437354/algebra_intoduction_creating_simple_expressions.ppt,f90d2c83b56ada61c435de06d1c5d55e4efaf47aa42295d89cc551c9fced709b,934912,algebra_intoduction_creating_simple_expressions.ppt,,,,,
./education/4bme1_placement_balefired/downloads_throughout_placement/all_7214771/introduction_to_algebraic_expressions_1an1a51.pptx,8204cc3b39d5af5e11ba7629c6b976a08bb87681964af63d40b7d4ccaca61925,1671482,introduction_to_algebraic_expressions_1an1a51.pptx,,,,,
./education/4bme1_placement_balefired/downloads_throughout_placement/all_7214771/forming_equations_with_perimeters_l6.pdf,1d78b152decd78396c1a621307f19484cdf3b6679ff29c80da3abf0541ccf68e,16216,forming_equations_with_perimeters_l6.pdf,,,,,
./education/4bme1_placement_balefired/downloads_throughout_placement/all_7214771/1_1_variables_expressions_2.ppt,879e863b752df8920acb6cef8f1b23c809f2da6a4b4659e4b8b559333987642c,343552,1_1_variables_expressions_2.ppt,,,,,
./education/4bme1_placement_balefired/downloads_throughout_placement/all_7214771/algebra_introducing_basics_simplifying_v2_1.ppt,cd134c89991ddfe7ca5a93fc4f618c4bd250948347281d73fba28490a32a950f,2220544,algebra_introducing_basics_simplifying_v2_1.ppt,,,,,
./education/4bme1_placement_balefired/downloads_throughout_placement/all_7214771/math_lesson_by_slidesgo.pptx,00e0dd43df2bc3d69c1cee297792281f50154eecba8c02f30e23a406320d9b08,24916445,math_lesson_by_slidesgo.pptx,,,,,
./education/4bme1_placement_balefired/downloads_throughout_placement/all_7214771/algebra_introducing_basics_simplifying_1.ppt,6a2ef214499fd72ed1a396868e074cae614c3bc12ba401f25060b6e0ebe29a17,1829376,algebra_introducing_basics_simplifying_1.ppt,,,,,
./education/4bme1_placement_balefired/downloads_throughout_placement/all_7214771/mba10_ppt_0103.ppt,e9bebe66e5234e802321e9e222ab4b79d6edfeb4776917ce61c93aea17779913,1259008,mba10_ppt_0103.ppt,,,,,
./education/4bme1_placement_balefired/downloads_throughout_placement/all_7214771/variable_and_algebraic_expressions.ppt,5826b6be8ce92d7f52261db3dfb5c54af264f41286f58fe24a856ff307407768,340992,variable_and_algebraic_expressions.ppt,,,,,
./education/4bme1_placement_balefired/downloads_throughout_placement/all_7214771/ae_foundation_simplifying_algebraic_expressions_add_subtract_multiply_mult_choice.pptx,ade4b223f9a157ea11d66085f2dc7263d2f6d69e53b8fd464c081d474c6c100f,192751,ae_foundation_simplifying_algebraic_expressions_add_subtract_multiply_mult_choice.pptx,,,,,
./education/4bme1_placement_balefired/downloads_throughout_placement/all_7214771/introducing_variables_to_first_years.pptx,43489c38ec6b9b9d46ea447f8b428981574eebfea99db8ebd46d5c6f306ffed9,3554679,introducing_variables_to_first_years.pptx,,,,,
./education/4bme1_placement_balefired/downloads_throughout_placement/all_7214771/fsmq_algebraic_expressions.doc,c6db6ae0e47582620b4f2ddf54e1b1e60ead34bcefeaf73e5b35da9984f47124,166912,fsmq_algebraic_expressions.doc,,,,,
./education/4bme1_placement_balefired/downloads_throughout_placement/all_7214771/all_6336896/area_and_perimeter_compound_shapes_amended.docx,784b7063329e14536aff9052896a74a53f4f693c29e9a06bfccaaad2bf198408,103077,area_and_perimeter_compound_shapes_amended.docx,,,,,
./education/4bme1_placement_balefired/downloads_throughout_placement/all_7214771/all_6336896/perimeters_and_areas_in_algebra_amended.docx,caf8653a3c959387a3b7b352fba1939fc1294b0ca799859be010cc669b043953,34801,perimeters_and_areas_in_algebra_amended.docx,,,,,
./education/4bme1_placement_balefired/downloads_throughout_placement/all_7214771/algebra_hg.ppt,f1f0ff3efd6671f98964b540a08521b5033d5c59b823ffbe2e7d43b4a4b66277,1546752,algebra_hg.ppt,,,,,
./education/4bme1_placement_balefired/downloads_throughout_placement/all_7214771/algebraic_expressions_and_terms.ppt,cf5506a39669c6494bb6699a787ea1584327a9134716b707c7711d690e85cf17,262144,algebraic_expressions_and_terms.ppt,,,,,
./education/4bme1_placement_balefired/downloads_throughout_placement/all_7214771/diversity_questions_on_algebra.docx,cb6a28c4f6f24fbb4ea39663d97a1c70edd6d94fb92236c76d4d6cdf7776b7bb,27490,diversity_questions_on_algebra.docx,,,,,
./education/4bme1_placement_balefired/downloads_throughout_placement/t2_m_2117_finding_percentage_of_amounts_worksheets_ver_1/lower_ability.pdf,6492281221521ef14f901b82ecbb6a66cfd4634688f29765c9cac6940d1c1bda,607461,lower_ability.pdf,,,,,
./education/4bme1_placement_balefired/downloads_throughout_placement/t2_m_2117_finding_percentage_of_amounts_worksheets_ver_1/middle_ability.pdf,1c93f6c5ee4663e7e92d78837cbc3145365c508be32b69300befdbddcd534ac6,608058,middle_ability.pdf,,,,,
./education/4bme1_placement_balefired/downloads_throughout_placement/t2_m_2117_finding_percentage_of_amounts_worksheets_ver_1/higher_ability.pdf,ed31454dd326cf9edbb92922d9d0253dadb7f0049bc4aca7bf0526998340a45a,608454,higher_ability.pdf,,,,,
./education/4bme1_placement_balefired/downloads_throughout_placement/school_placement_in_initial_teacher_education.pdf,d10aa3c89be88dab87bbf1dddbaa04af4af5d3fe241744bc10865b5f7e4d70b6,2558510,school_placement_in_initial_teacher_education.pdf,,,,,
./education/4bme1_placement_balefired/downloads_throughout_placement/all_11731191/compound_inequalities_sheet_1.pdf,ac7aaded14a6f13070f6837254798ff9bab6886faf6e32c9f35c98174a7458a4,518977,compound_inequalities_sheet_1.pdf,,,,,
./education/4bme1_placement_balefired/downloads_throughout_placement/all_11731191/compound_inequalities_sheet_2.pdf,dee18366c6838c0720b5176f21afee3dff5e4b33078d2397aa189ec362aea81d,533668,compound_inequalities_sheet_2.pdf,,,,,
./education/4bme1_placement_balefired/downloads_throughout_placement/all_11731191/combining_inequalities.pdf,7a79fa4f221084c61bcd0556c56dc37e4a7ddf21d04bf34ae95fec02303182bc,615562,combining_inequalities.pdf,,,,,
./education/4bme1_placement_balefired/downloads_throughout_placement/percentage_profit_loss.ppt,6dc2eef167cec86b338ea7f3653a2addf9a7743eaf30a76ee2ca45feaf36a6d3,2334720,percentage_profit_loss.ppt,,,,,
./education/4bme1_placement_balefired/downloads_throughout_placement/all_11075298/percentage_increase_and_decrease_worksheet_1.docx,f76f11d8ba92f12bd6f91850b5d5e481f0c35318a443d6e52ac1d534c452522b,19716,percentage_increase_and_decrease_worksheet_1.docx,,,,,
./education/4bme1_placement_balefired/downloads_throughout_placement/all_11075298/percentage_increase_and_decrease_thinking_questions.docx,bbb7ac85d805bd6b86bdbe0fac89faa0068825eb54477c9e6737ea19a621bf0b,98277,percentage_increase_and_decrease_thinking_questions.docx,,,,,
./education/4bme1_placement_balefired/downloads_throughout_placement/demo_surface_areaof_solidsusing_nets2996062.jpeg,7cf92054c5a51f4420cf346beda6798ecafdb99da1109ad95c4393338333531a,702507,demo_surface_areaof_solidsusing_nets2996062.jpeg,,,,,
./education/4bme1_placement_balefired/downloads_throughout_placement/t3_m_291_increasing_and_decreasing_a_quantity_by_a_given_percentage_activity_sheets_ver_1/increasing_a_quantity_by_a_given_percentage.pdf,52cf6ae1299d9a59ab3c18261cbaea38b763588a9a451278d97b9fe1490ba288,47857,increasing_a_quantity_by_a_given_percentage.pdf,,,,,
./education/4bme1_placement_balefired/downloads_throughout_placement/t3_m_291_increasing_and_decreasing_a_quantity_by_a_given_percentage_activity_sheets_ver_1/increasing_or_decreasing_a_quantity_by_a_given_percentage.pdf,700b986eeb38feb2cc38d26a9d8c25af06af62a8f8215a985f34ba6ea45b03d0,51308,increasing_or_decreasing_a_quantity_by_a_given_percentage.pdf,,,,,
./education/4bme1_placement_balefired/downloads_throughout_placement/t3_m_291_increasing_and_decreasing_a_quantity_by_a_given_percentage_activity_sheets_ver_1/decreasing_a_quantity_by_a_given_percentage.pdf,2e84635e5df3f57c304d76ea44e2bb214579b473d87cf56da38567579a424caa,51288,decreasing_a_quantity_by_a_given_percentage.pdf,,,,,
./education/4bme1_placement_balefired/downloads_throughout_placement/why_do_we_needto_flipthe_inequality_sign_discovery_activity_1.pdf,c96fb68f962c918a05557c9f114dcba0b1e18f82f266509a70cd2ad18474b6cc,228810,why_do_we_needto_flipthe_inequality_sign_discovery_activity_1.pdf,,,,,
./education/4bme1_placement_balefired/downloads_throughout_placement/teachered_special_ed.pdf,fe099c46e217f13127fa6ffce339cf989a0bfbf8c43fe9fb0a7b32b59901ead0,180048,teachered_special_ed.pdf,,,,,
./education/4bme1_placement_balefired/downloads_throughout_placement/nets_of_3d_shapes.pdf,dc0b8a55da9d7b303382ebdd042075265e40c6b1b7cf341e50352de1c8425997,86178,nets_of_3d_shapes.pdf,,,,,
./education/4bme1_placement_balefired/downloads_throughout_placement/nets_surface_area.pdf,a59321d03ea1b31502f00b7dfe6e4e8d59dea7db6f9a7aefe0954878bad8995d,444410,nets_surface_area.pdf,,,,,
./education/4bme1_placement_balefired/downloads_throughout_placement/t2_m_4768_decimal_place_value_challenge_differentiated_activity_sheet_ver_3.pdf,4cf63b3f3b81c6e6f9b8004e0e02b4fae93929b3e119e098aeb0ccdbe707d4a6,603757,t2_m_4768_decimal_place_value_challenge_differentiated_activity_sheet_ver_3.pdf,,,,,
./education/4bme1_placement_balefired/downloads_throughout_placement/chris_kyriacou_effective_teaching_in_schools_theory_and_practice_3rd_edition_2009_libgen_lc.pdf,5988291d4a5e15d29ec8d42b394fd928982f1358c8341f10e6cff618ab25ffe7,1557607,chris_kyriacou_effective_teaching_in_schools_theory_and_practice_3rd_edition_2009_libgen_lc.pdf,,,,,
./education/4bme1_placement_balefired/downloads_throughout_placement/arigbabu_mji2004_article_brief_report_is_gender_a_factor_in_ma.pdf,09e60ad744eb072a6453049c4e4617ae1ddd428287b76c1c6c834fe7c6fcfa41,69115,arigbabu_mji2004_article_brief_report_is_gender_a_factor_in_ma.pdf,,,,,
./education/4bme1_placement_balefired/downloads_throughout_placement/tips4r_mvolumesphere.ppt,89466f58f3740ff06bb0109e64716f5ac0afd6d4a75b0f747bf900a8be5033ea,150528,tips4r_mvolumesphere.ppt,,,,,
./education/4bme1_placement_balefired/downloads_throughout_placement/inequalities.pptx,16a54a8ee42890b3dacde867e9b73919470097ec988875c329330577d9aa7598,494806,inequalities.pptx,,,,,
./education/4bme1_placement_balefired/downloads_throughout_placement/5e3a848253eee30e613bad9a.pptx,685f69fc58d3f42e57fa76a06dfef602dfba2adc77ee5ab60e40d63049cd3709,777189,5e3a848253eee30e613bad9a.pptx,,,,,
./education/4bme1_placement_balefired/1_administration_management/school_policies/suspension_and_expulsion_policy.pdf,462b1750a31d29711d444b4986a188a4795c0fab3968984a8390125a75db3c25,626950,suspension_and_expulsion_policy.pdf,,,,,
./education/4bme1_placement_balefired/1_administration_management/school_policies/return_to_school_guidelines.docx,16e56994d889a398e61202a569571aef0c039809d7be762fe506d88d9e287e1a,249112,return_to_school_guidelines.docx,,,,,
./education/4bme1_placement_balefired/1_administration_management/school_policies/promotion_of_positive_behaviour_2017.pdf,7b827079bea2566dd0573269e0aece12ebcacd10e85aaf4c2e2bc33f64963aa6,436412,promotion_of_positive_behaviour_2017.pdf,,,,,
./education/4bme1_placement_balefired/1_administration_management/school_policies/school_rules.pdf,bc487abed87aa61053b5bcba5f96efcadbf3eabd2852fa36d5796f4bfe0e3a35,2380252,school_rules.pdf,,,,,
./education/4bme1_placement_balefired/1_administration_management/school_policies/mission_statement_and_principal_s_message.pdf,be59a4ea7bada823ecfe286be1f75edd645c34d0a36d6e8fb7379cabb02cd041,298083,mission_statement_and_principal_s_message.pdf,,,,,
./education/4bme1_placement_balefired/1_administration_management/school_policies/code_of_behaviour_2017.pdf,d1d1075f40ce51d1db11b8256f99dc7716e715bbdfac547e73f2a731deeb07de,797426,code_of_behaviour_2017.pdf,,,,,
./education/4bme1_placement_balefired/1_administration_management/school_policies/healthy_eating_policy.pdf,687db69765872b8c6de93932ee06f5eacb1d72e842edfcac007fd7f3ac56b555,404608,healthy_eating_policy.pdf,,,,,
./education/4bme1_placement_balefired/1_administration_management/school_policies/gcc_return_to_school_2020.docx,16e56994d889a398e61202a569571aef0c039809d7be762fe506d88d9e287e1a,249112,gcc_return_to_school_2020.docx,,,,,
./education/4bme1_placement_balefired/1_administration_management/school_policies/gretb_data_protection_policy.pdf,6f014e4fd0a690d8b04c06f0603cdc13a32daf752af50509cf16f5ad19f64b49,1163206,gretb_data_protection_policy.pdf,,,,,
./education/4bme1_placement_balefired/1_administration_management/school_policies/school_s_child_safeguarding_statement.pdf,568c3e60383c9d74dfa92e95dd821595783e16dd984ae9dd4ef35252b27d0428,988055,school_s_child_safeguarding_statement.pdf,,,,,
./education/4bme1_placement_balefired/1_administration_management/teaching_timetable/timetable_cian.doc,ba178a02e95aca9d3d811e68a1180f3613ca73db4409591eb16473aa2916a481,64512,timetable_cian.doc,,,,,
./education/4bme1_placement_balefired/1_administration_management/school_year_calendar/staff_calendar.png,b3e1683cb0233c522178d78db6c6ab9d5fbb75013bef0418bd48a35229f46ab3,11412216,staff_calendar.png,,,,,
./education/4bme1_placement_balefired/3_critical_analysis_reflection_and_inquiry_based_practice/week_10/lesson_evaluation_10/lesson_evaluation_10.docx,9a54d9d1c1e2edc7d3b04e9aa1a0497b49e635adae6ee1da0f00a7d1dc3680f3,14605,lesson_evaluation_10.docx,,,,,
./education/4bme1_placement_balefired/3_critical_analysis_reflection_and_inquiry_based_practice/week_2/reflection_2_motivating_diverse_students/weekly_reflection_2.docx,a6ba447a39777327ecac85fb1947628d0a8ae9c63e7d16e914705c7890425104,20732,weekly_reflection_2.docx,,,,,
./education/4bme1_placement_balefired/3_critical_analysis_reflection_and_inquiry_based_practice/week_2/reflection_2_motivating_diverse_students/meritocracy_deficit_thinking_and_the_invisibility_of_the_system.pdf,2599cef118c075984394f8800cb2ce74fc884dd90334603d84702c627e5210ee,158176,meritocracy_deficit_thinking_and_the_invisibility_of_the_system.pdf,,,,,
./education/4bme1_placement_balefired/3_critical_analysis_reflection_and_inquiry_based_practice/week_2/lesson_evaluation_2.docx,18e6537b30f8e6ae26a9746e5997d32f375874bd5c12dcd26d29058233e6f447,13164,lesson_evaluation_2.docx,,,,,
./education/4bme1_placement_balefired/3_critical_analysis_reflection_and_inquiry_based_practice/week_5/.docx,c393fb670e0739bb867055654676e3b9ceabfee5ba7123b2b02124c51f5e073c,13856,.docx,,,,,
./education/4bme1_placement_balefired/3_critical_analysis_reflection_and_inquiry_based_practice/week_3/lesson_evaluation_3.docx,5ed9d0c2e37aaa05338c18f57b8ab9fb79d550093f74f06f6b7fa0a46befe194,15322,lesson_evaluation_3.docx,,,,,
./education/4bme1_placement_balefired/3_critical_analysis_reflection_and_inquiry_based_practice/placement_readings/developing_beliefs_about_classroom_motivation.pdf,7356715d56ee839a6ee20441b8b3ae8b08371fcf1e827a74c0642821ca4dc575,354504,developing_beliefs_about_classroom_motivation.pdf,,,,,
./education/4bme1_placement_balefired/3_critical_analysis_reflection_and_inquiry_based_practice/placement_readings/icep_2018_paper_19.pdf,e8a3c6209a81eb0f356dc208e60f3b5dbae7ce6e6ecffc88c0cfb31dbe1e077c,472158,icep_2018_paper_19.pdf,,,,,
./education/4bme1_placement_balefired/3_critical_analysis_reflection_and_inquiry_based_practice/placement_readings/ej989785.pdf,554b3858f50028dc1c053110e3fcf6b55d50b07027a0ff9cc8f6f3560cd82a2c,108379,ej989785.pdf,,,,,
./education/4bme1_placement_balefired/3_critical_analysis_reflection_and_inquiry_based_practice/placement_readings/ej1142315.pdf,c5b685730f4588aabc215b1a936811652ecf3579ea18026de323eae937740e1d,132457,ej1142315.pdf,,,,,
./education/4bme1_placement_balefired/3_critical_analysis_reflection_and_inquiry_based_practice/placement_readings/ready_willing_and_able_attitudes_and_concerns_in_relation_to_inclusion_amongst_a_cohort_of_irish_pre_service_teachers_2.pdf,e76b4e6b5e217ceb782df6ea608b189d3978631e589936bfed039afd2e0b38c9,241393,ready_willing_and_able_attitudes_and_concerns_in_relation_to_inclusion_amongst_a_cohort_of_irish_pre_service_teachers_2.pdf,,,,,
./education/4bme1_placement_balefired/3_critical_analysis_reflection_and_inquiry_based_practice/placement_readings/0022487102238658.pdf,fee5595b0015c0ee65de101723108d8a87b9485adc26bbb83cf8020fcdfbb50a,118248,0022487102238658.pdf,,,,,
./education/4bme1_placement_balefired/3_critical_analysis_reflection_and_inquiry_based_practice/placement_readings/ebby2000_article_learning_to_teach_mathematics_diff.pdf,1d9ffbabca5e3ac9edb434c460c20d4d6a726e35158b058b3bc6bb034b0e0b67,112351,ebby2000_article_learning_to_teach_mathematics_diff.pdf,,,,,
./education/4bme1_placement_balefired/3_critical_analysis_reflection_and_inquiry_based_practice/week_6/lesson_evaluation_6.docx,a00e7ea6765f29b74f3c5ab3355a99553f3fc162f0de053362c37fa2ad98fbbb,15292,lesson_evaluation_6.docx,,,,,
./education/4bme1_placement_balefired/3_critical_analysis_reflection_and_inquiry_based_practice/week_1/lesson_evaluation_1.docx,5ed9d0c2e37aaa05338c18f57b8ab9fb79d550093f74f06f6b7fa0a46befe194,15322,lesson_evaluation_1.docx,,,,,
./education/4bme1_placement_balefired/3_critical_analysis_reflection_and_inquiry_based_practice/week_1/reflection_1_growth_mindset/weely_reflection_1.docx,dcf5f57dd531c48a59501206697d84b56af6aa9541ad797eef4173382fec5b02,21084,weely_reflection_1.docx,,,,,
./education/4bme1_placement_balefired/3_critical_analysis_reflection_and_inquiry_based_practice/week_7/lesson_evaluation_7_inspection.docx,35228f32307c70fc33731b6d12fd2c76b0d1f423cbf20596c9ee1e9993d15cd1,18091,lesson_evaluation_7_inspection.docx,,,,,
./education/3bme1_placement/opening_statement/opening_statement.docx,0594d489188ba7a912ad88bec10725321bcda948bfd8b4721a042c2b69b5104a,15330,opening_statement.docx,,,,,
./education/3bme1_placement/lesson_planning_and_preparation/lesson_11_05_02_2020/sine_rule_angle.pptx,495eb9e1c046c8d4dd14ba5f48b34c2a2b150f0cb65a3127106cc9b1b4029f2e,1598871,sine_rule_angle.pptx,,,,,
./education/3bme1_placement/lesson_planning_and_preparation/lesson_11_05_02_2020/05_02_2020_sine_rule_angle.docx,3d29a481230a5bec8a4a2d6b0dc23b3a8a00b3a80f6762c76022036fa8cc9167,34281,05_02_2020_sine_rule_angle.docx,,,,,
./education/3bme1_placement/lesson_planning_and_preparation/lesson_11_05_02_2020/sine_rule_angle_activity.pdf,267cab9fc619d4e14c84b3f136df8eab057dfd49873f7e1c2b4566a5e0fcb0f0,245986,sine_rule_angle_activity.pdf,,,,,
./education/3bme1_placement/lesson_planning_and_preparation/lesson_8_08_01_2020/08_01_2020_trigonometric_ratios.docx,efef4311c802da62adfe6126f1c599cc465113e7c4b5a1ad31fe8a5dfa5e5a54,33569,08_01_2020_trigonometric_ratios.docx,,,,,
./education/3bme1_placement/lesson_planning_and_preparation/lesson_8_08_01_2020/sohcahtoa.pptx,df7191e1726b670c7486de4940c78f9c39c424b2971a4d27c957c372e2232b3b,1382185,sohcahtoa.pptx,,,,,
./education/3bme1_placement/lesson_planning_and_preparation/lesson_3_20_11_2019/20_11_2019_conjugate.docx,81d07582e0ee12eacb206cefa3f6120ac43327150402ac69ae25cfc8f6eb2836,1291680,20_11_2019_conjugate.docx,,,,,
./education/3bme1_placement/lesson_planning_and_preparation/lesson_3_20_11_2019/conjugate.ggb,1710b56af4af19d457c94d4ca39293d12d993c8a0ac44ee56b93b61961269917,7733,conjugate.ggb,,,,,
./education/3bme1_placement/lesson_planning_and_preparation/lesson_3_20_11_2019/the_complex_conjugate.pptx,f55ac4d5da86ec15619d4cda5b5bd7772161171d27ada7c40a2c2b8031a0507a,370692,the_complex_conjugate.pptx,,,,,
./education/3bme1_placement/lesson_planning_and_preparation/lesson_3_20_11_2019/conjugate_activity.pdf,e52f3a884311cb5fab48613cc6eb38411421347f7a22b6768cd4dcef2df83a33,393364,conjugate_activity.pdf,,,,,
./education/3bme1_placement/lesson_planning_and_preparation/lesson_3_20_11_2019/exit_cards.pdf,129f47a69413ec92a88cdab4aa524dfb372460bf4c82539ca515df0c1a773c28,368860,exit_cards.pdf,,,,,
./education/3bme1_placement/lesson_planning_and_preparation/lesson_6_11_12.2019/roots.pptx,fb40bf2b62fd8b097861351a6709d354f9dd2d46edd121d18a21f8602980acf5,543466,roots.pptx,,,,,
./education/3bme1_placement/lesson_planning_and_preparation/lesson_6_11_12.2019/roots_activity.pdf,bedbd416a2d7111c87aaebe6dee09f180ff267465b2a5449bf6aec4b500c49ba,76175,roots_activity.pdf,,,,,
./education/3bme1_placement/lesson_planning_and_preparation/lesson_6_11_12.2019/roots.ggb,0bc3f42676155c5250de27fe99bc0f2d1d8a1202fce423aa70332620caf71ae5,26085,roots.ggb,,,,,
./education/3bme1_placement/lesson_planning_and_preparation/lesson_6_11_12.2019/11_12_2019_complex_roots.docx,b0c80a9e581ffbbf3934723885883d46bad5ea7194de3e26dcca5aae341b426f,33648,11_12_2019_complex_roots.docx,,,,,
./education/3bme1_placement/lesson_planning_and_preparation/.DS_Store,c75244a38d35652c132f9b0823c8c5b9ea5a40f091134f059d2074016137921b,10244,.DS_Store,,,,,
./education/3bme1_placement/lesson_planning_and_preparation/lesson_14_04_03_2020/04_03_2020_trigonometry_revision.docx,bb0eec8fc007398f820ed0120027536126f459e36845c90286e3ee1ce0bb2293,35629,04_03_2020_trigonometry_revision.docx,,,,,
./education/3bme1_placement/lesson_planning_and_preparation/lesson_14_04_03_2020/revising_trigonometry.pptx,c9bcdae85b8fc75841587e2dd93d59010536e6565af2d00a185c423bddfa190f,2953210,revising_trigonometry.pptx,,,,,
./education/3bme1_placement/lesson_planning_and_preparation/lesson_14_04_03_2020/triangle_decision_tree_2.pdf,b84a9db14f7441efeb8e8a68b0836e2f465082635323d2efe085627e985675e0,347361,triangle_decision_tree_2.pdf,,,,,
./education/3bme1_placement/lesson_planning_and_preparation/lesson_1_06_11_2019/lesson_1_activity.pdf,818fe0afa536a9a60679eacd8e5222b0319d494d9cc8354d3fe0616956beb595,96301,lesson_1_activity.pdf,,,,,
./education/3bme1_placement/lesson_planning_and_preparation/lesson_1_06_11_2019/06_11_2019_complex_numbers_introduction.docx,0666ce891bb2fc4790a15655e636bf87e7f57ebfc003aa815753b2bf75b37e70,36167,06_11_2019_complex_numbers_introduction.docx,,,,,
./education/3bme1_placement/lesson_planning_and_preparation/lesson_1_06_11_2019/number_systems.pptx,56878eea141459eaf02c63585cfd6ec176153cadbbaa7b5fabf158ec869fbb16,4749494,number_systems.pptx,,,,,
./education/3bme1_placement/lesson_planning_and_preparation/lesson_5_04_12_2019/04_12_2019_addition_subtraction_multiplication_and_division.docx,e6461bdb0e5840955ef35e5b934d9e3bc3c9985be949ed1b6240d34180d5cb2c,35916,04_12_2019_addition_subtraction_multiplication_and_division.docx,,,,,
./education/3bme1_placement/lesson_planning_and_preparation/lesson_5_04_12_2019/operations_acitivity.pdf,b02b73863e6481004106986135891aaf0dd746084a4615766a3104359f3c95a8,655551,operations_acitivity.pdf,,,,,
./education/3bme1_placement/lesson_planning_and_preparation/lesson_5_04_12_2019/operations.pptx,29906461f520aff229dd1be4d5e04baf7822cdf99a34f895d909c5e2a7a62241,291557,operations.pptx,,,,,
./education/3bme1_placement/lesson_planning_and_preparation/lesson_2_13_11_2019/13_11_2019_argand_diagram_and_i.docx,8059b709310f0a31a5bdfa941fc7232bcc4f4b709f36aae50b6efd204060ecc2,34948,13_11_2019_argand_diagram_and_i.docx,,,,,
./education/3bme1_placement/lesson_planning_and_preparation/lesson_2_13_11_2019/argand_diagram.pptx,e953c92a1fa579fe628293e82abe46483ce5c7c32bc882f77eaa0e11ef8885af,252670,argand_diagram.pptx,,,,,
./education/3bme1_placement/lesson_planning_and_preparation/lesson_2_13_11_2019/activity_2.pdf,8fdf9df254c7781aa5b09964a3b283c23fdfa8489da9d5c6dc400b06d381b60e,220382,activity_2.pdf,,,,,
./education/3bme1_placement/lesson_planning_and_preparation/lesson_15_11_03_2020/re_introduction_to_statistics.pptx,3a655bae598707cf8e0d23a49c3e2a5bf1e0a0072ac108ca7d708532a96ca174,1089787,re_introduction_to_statistics.pptx,,,,,
./education/3bme1_placement/lesson_planning_and_preparation/lesson_15_11_03_2020/11_03_20_re_introduction_to_statistics.docx,9ca388630f35e13567ed7ce54d542f5f383a19f063e2e7e0d3f9c8d131de89f2,737200,11_03_20_re_introduction_to_statistics.docx,,,,,
./education/3bme1_placement/lesson_planning_and_preparation/lesson_15_11_03_2020/smarties_handout.docx,6f80d9a90c035393463b7888e8359fa139cbc249bda3bff63ff43db6dacc9cf2,35316,smarties_handout.docx,,,,,
./education/3bme1_placement/lesson_planning_and_preparation/lesson_12_12_02_2020/cosine_rule_angle.pdf,a3d2a448c6a338ae26f212ad4a9ab956c90a45d890d461cc473b4b8bf851dcf0,92033,cosine_rule_angle.pdf,,,,,
./education/3bme1_placement/lesson_planning_and_preparation/lesson_12_12_02_2020/2_8h_the_cosine_rule.pptx,c9f13ebfc4fc3cff358721d724771c4b07a20c5ff279595ea046ba8afdc30cfe,651840,2_8h_the_cosine_rule.pptx,,,,,
./education/3bme1_placement/lesson_planning_and_preparation/lesson_12_12_02_2020/12_02_2020_cosine_rule.docx,31ffc6e2c5a29997fd1fe0527dbb6601c84734dc632efc5b9d2d9564c1841aa9,32416,12_02_2020_cosine_rule.docx,,,,,
./education/3bme1_placement/lesson_planning_and_preparation/lesson_9_15_01_2020/trigonometry_area_rule.pptx,9f994451de62b2d525021921aa62b88ceb9f8a142905567ba9f899d458b18e67,1317143,trigonometry_area_rule.pptx,,,,,
./education/3bme1_placement/lesson_planning_and_preparation/lesson_9_15_01_2020/15_01_2020_area_of_non_right_angled_triangle.docx,ecdc3eca79057a6dd88dd90f8e5f89ebee02c2e7176064ace6006401d3161b91,34201,15_01_2020_area_of_non_right_angled_triangle.docx,,,,,
./education/3bme1_placement/lesson_planning_and_preparation/lesson_9_15_01_2020/non_right_angled_area.pdf,8ff580544e4a4ecbd69e0c31de3c6cb15e7c0f4d6ce917bf4c54b5ff7d6bbba7,204323,non_right_angled_area.pdf,,,,,
./education/3bme1_placement/lesson_planning_and_preparation/relevant_documents/leaving_certificate_syllabus.pdf,135b38917e1834cf4229eb6ec8bfc197fed48b0549c8b4435efbed505505c400,928039,leaving_certificate_syllabus.pdf,,,,,
./education/3bme1_placement/lesson_planning_and_preparation/relevant_documents/project_maths_complex_numbers.pdf,7065567320b9c8ff0a4d84ca7512e745f63c7e9d78c143bced70b4555d47831b,2138529,project_maths_complex_numbers.pdf,,,,,
./education/3bme1_placement/lesson_planning_and_preparation/lesson_10_22_01_2020/sine_rule_side.pptx,bf746d983ac7887910d3681885ff3762d5ed7364099f2b644bcf779c884c79af,1174225,sine_rule_side.pptx,,,,,
./education/3bme1_placement/lesson_planning_and_preparation/lesson_10_22_01_2020/sine_rule_side_activity.pdf,87b063311629f230bde31fdb995fa910fd8a2c98399ab299d4b49eb027280a45,240230,sine_rule_side_activity.pdf,,,,,
./education/3bme1_placement/lesson_planning_and_preparation/lesson_10_22_01_2020/22_01_2020_sine_rule_side.docx,07b052718a190973a67df4abea860c384ed13f638474e16b0bc1b9044f61c430,33813,22_01_2020_sine_rule_side.docx,,,,,
./education/3bme1_placement/lesson_planning_and_preparation/lesson_4_27_11.2019/argand_diagram_and_modulus.pdf,0a64649d99ff31bd0419c5dabd0f84b8518d065b628700bb5793ddd71a19fca1,777247,argand_diagram_and_modulus.pdf,,,,,
./education/3bme1_placement/lesson_planning_and_preparation/lesson_4_27_11.2019/modulus.ggb,803c53be21e6eb615025f33d565bb5c65cb8424d2c210eb655a11dd2c30761aa,6790,modulus.ggb,,,,,
./education/3bme1_placement/lesson_planning_and_preparation/lesson_4_27_11.2019/27_11_2019_modulus.docx,07308a71ea6ef1b71d0c59b8d4c5d274849e7df51674d107940395ef18c5874c,1292110,27_11_2019_modulus.docx,,,,,
./education/3bme1_placement/lesson_planning_and_preparation/lesson_7_18_12.2019/18_12_2019_christmas_game.docx,6864414719afbc15a53e375d6aef11c835f19c52582cbf6041162c0b691b9d48,32194,18_12_2019_christmas_game.docx,,,,,
./education/3bme1_placement/lesson_planning_and_preparation/lesson_7_18_12.2019/12_days_of_christmas_maths_puzzles.pdf,ac83ad8aac2c9eedef29d8e77ed37207c461db18d977a1285e24118a0d454f79,441312,12_days_of_christmas_maths_puzzles.pdf,,,,,
./education/3bme1_placement/lesson_planning_and_preparation/lesson_7_18_12.2019/christmas_activity.pdf,b8c8ae2f5f412f42efd1a7fa44151675f7ecfbbb27f225402cead7695f583e95,967872,christmas_activity.pdf,,,,,
./education/3bme1_placement/lesson_planning_and_preparation/lesson_13_26_02_2020/26_02_2020_cosine_rule.docx,94aefefdb1585bda51ba5b8580197fa61a378a475f356eedae89365e80a90888,32799,26_02_2020_cosine_rule.docx,,,,,
./education/3bme1_placement/lesson_planning_and_preparation/lesson_13_26_02_2020/scan_of_match_up_activity_distributed_to_each_pair_of_students.pdf,e7951c593157c757fc1df559419d0a50ffc4ee04852facb2be3270d1720d704c,711313,scan_of_match_up_activity_distributed_to_each_pair_of_students.pdf,,,,,
./education/3bme1_placement/lesson_planning_and_preparation/lesson_13_26_02_2020/cosine_rule.pptx,97c3d982ec0915c01b8f2f734157849bbf0040cd482b09c47880042b56df912b,2546948,cosine_rule.pptx,,,,,
./education/3bme1_placement/.DS_Store,56231e32ba1d5adbf80524ae94933cb319eb516cdc9ebc1f2b0d7691a951302f,6148,.DS_Store,,,,,
./education/3bme1_placement/critical_incident_report/critical_incident.odt,59da33ca44512493782de1b281fe6f079b211ce398150ec3956a1af7e3ccdb06,11740,critical_incident.odt,,,,,
./education/3bme1_placement/record_of_teaching_practice_hours.pdf,8a95e118c4dc53a28edffe21f49851f3f25f932de9f53b02df1ba53ce27aaf54,1535269,record_of_teaching_practice_hours.pdf,,,,,
./education/3bme1_placement/cian_mac_liathain_visit_11th_march.pdf,d45dd87c166f85cccf1c37477b95e9a10eaa69a6703d665e4df72ca4db4816c4,120468,cian_mac_liathain_visit_11th_march.pdf,,,,,
./education/3bme1_placement/closing_statement/closing_statement.docx,aaa0fc5c3efacce6e5071a6cc8f9d455eb2c80080671926473f80b2dfe34cbc5,17492,closing_statement.docx,,,,,
./education/taster_day3.pptx,6959d53a268e4994fcf0cc0a78781474a3b8feb92e35bb5d4bb58f9c6854a46c,8170443,taster_day3.pptx,,,,,
./education/educational_autobiography.pdf,9ab3a2f5f88c7232343556885ab8d92fcbe254c50ef2491042a452eca2a32bdb,111143,educational_autobiography.pdf,,,,,
./education/11476078_educational_autobiography.pages,80ee72cb2a46d65d70c8674d15713b324df1e8a41ebd18544fbd816eae352050,601949,11476078_educational_autobiography.pages,,,,,
./education/measurements.pages,fa238b920f923dd7c509c10e6d0e7e51d8583e8425ad51af47e3fe107c9a6957,1936621,measurements.pages,,,,,
./education/11476078psychology_assignment2_10204431793586757.pages,1270783f5e3a8cab5853ea19bb9db8b78886547b3a3a268cd5a1643f7df9ed89,868071,11476078psychology_assignment2_10204431793586757.pages,,,,,
./education/11476078_educational_autobiography.docx,256151d6760f2d2051d40c3799697323d8f87420a323896655a0296a3168a270,10713,11476078_educational_autobiography.docx,,,,,
./education/1bme1_reflection.docx,79fc56ee0876272d58b70eb9a6047fe2039f1dad736643602adfa17d41bcc564,22914,1bme1_reflection.docx,,,,,
./education/ai_hour_of_code.pdf,85dfdb48d7323143ba17bf2c6fc88c4960e3b7ae6cca590d0c1518f8d1d2acf9,7304099,ai_hour_of_code.pdf,,,,,
./education/action_research_project_plickers.pdf,070a9e2abcc50f73102fbdca097a75b92c64752649d8539196d0aa373cbfdc1a,5235923,action_research_project_plickers.pdf,,,,,
./education/psychology_and_development.pdf,2bd4b12a45f33e09a1dedb4c10e8619554dcdb36a360b3df17991dada0a31073,71477,psychology_and_development.pdf,,,,,
./education/psychology_2019.pages,94ed460efcd952384c43466c3e3342ef73b466273632704cc917719981b1d87a,151482,psychology_2019.pages,,,,,
./education/ed305_assignment_2.pdf,5e4ac6b07ab97d2cff58036425aaf8a11c6b26480fc5e8e633bf4d1a5e7654f1,200293,ed305_assignment_2.pdf,,,,,
./education/ed305_assignment_1.pdf,6747743a42eb0caa3277d97a3a661ee5ecc94c620cab3a6b1ed42b01a9c3b4ff,393348,ed305_assignment_1.pdf,,,,,
./education/ed116_history_of_irish_education.pptx,940136943a406b3781c6e7b9711bad23372f2e004898c80ca003754c13b7ae88,4693934,ed116_history_of_irish_education.pptx,,,,,
./education/research_project/assignment_3_synopsis_of_methodology_ay2019_20.docx,1d191c7a1408fed1031e49beeab4677867f563750534e560fae35f15812fd64b,37062,assignment_3_synopsis_of_methodology_ay2019_20.docx,,,,,
./education/research_project/term_paper_sample_template.docx,2066ecb19e0c1504b1d7c59ca42ccd85577125fc06ae232a29b76a9720516f12,12925,term_paper_sample_template.docx,,,,,
./education/research_project/reading/action_research/teacher_action_research_gerald_j_pine.pdf,68f047599712ab732785ec02f9d66803ba2ce47f00486545bfbe21f69bfd6ff4,3266414,teacher_action_research_gerald_j_pine.pdf,,,,,
./education/research_project/reading/action_research/1995_epistof_reflective_practice_2.pdf,55976dd3362c097ca00423d314f80b1d178ccb7cbd0c5d12e237c643dbeb7325,194302,1995_epistof_reflective_practice_2.pdf,,,,,
./education/research_project/reading/action_research/action_research_for_teachers.pdf,a6c746d96aec3351b1a8faa998c4946dc96286fdb90f0ae928a54715bc33495d,1720368,action_research_for_teachers.pdf,,,,,
./education/research_project/reading/action_research/educational_research.pdf,04595591841350ae6dcac80d4317f67ee10ff9ee969c916743770ba6a6968da5,1579511,educational_research.pdf,,,,,
./education/research_project/reading/formative_assessment/embeding_formative_assessment_wiliam_2015.pdf,805c1674d948bd2c57589190e6d1a774b75ac8e3ae657e9529ad795b5d42cb02,1167589,embeding_formative_assessment_wiliam_2015.pdf,,,,,
./education/research_project/reading/formative_assessment/inside_the_black_box_mathematics.pdf,c755e66bf6ed407fc5ccbf4a593f97c3c29dd42bfc66a606da8183ab0698353e,115449,inside_the_black_box_mathematics.pdf,,,,,
./education/research_project/reading/formative_assessment/using_assessment_for_learning_to_enhance_mathematics_education_in_the_primary_school_irish_students_perspectives.pdf,ecb3a7eee93d3f76043bd1823d645348b24dabf5d5ebc2e9939c7d6c04ed31f3,1445497,using_assessment_for_learning_to_enhance_mathematics_education_in_the_primary_school_irish_students_perspectives.pdf,,,,,
./education/research_project/reading/formative_assessment/cusi_morselli_sabena_chapter_from_technologyinmathteaching_2019.pdf,1f1701571a49302f9e9e90947d1bc80228464ae8a7f749573361e5061decac61,1635198,cusi_morselli_sabena_chapter_from_technologyinmathteaching_2019.pdf,,,,,
./education/research_project/reading/formative_assessment/formative_assessment_in_mathematics_jct_2015.pdf,cac13b346ae75ac9dcbed6e5be8f9fc8dd8dff173d50704b5e8edfc941ca403e,413811,formative_assessment_in_mathematics_jct_2015.pdf,,,,,
./education/research_project/reading/jtaro_mahoney_heinz2016.pdf,ba06be89ea9aade8e4b3495061de5abdd6c23fd5f7d812397bfc90b376fbdf40,801522,jtaro_mahoney_heinz2016.pdf,,,,,
./education/research_project/reading/covid/sustat92_3.pdf,dbb37144b760b2b6d081d5278626d2aaf9f31046f85cc870574f75a02b4a5bb6,2759670,sustat92_3.pdf,,,,,
./education/research_project/reading/covid/126564_aa2dbecb_0917_4495_9bfd_adac261ee76d.pdf,317097f6396627655ea249ce5a9c6bdb9f2f9d0e0f78dc4b276f40488319dbd6,370593,126564_aa2dbecb_0917_4495_9bfd_adac261ee76d.pdf,,,,,
./education/research_project/reading/covid/sustat94_3.pdf,9df0f750c667ab6e1314911d7b19107f86c72946504a652ece9e55e855c5540d,1468133,sustat94_3.pdf,,,,,
./education/research_project/reading/covid/83312_6c36aaac_22fc_44fd_a4be_88cea4db82d6.pdf,c6c53f53a52b0f468f64b87f7bc5011025364403e91c74134db3a9e298f292fa,1389893,83312_6c36aaac_22fc_44fd_a4be_88cea4db82d6.pdf,,,,,
./education/research_project/reading/covid/is_covid_19_the_gateway_for_digital_learning_in_mathematics_education_7949.pdf,e665794a43dd0764acdb8404c95bab7890bd0cc22240966a3681d82d4741b1e4,452194,is_covid_19_the_gateway_for_digital_learning_in_mathematics_education_7949.pdf,,,,,
./education/research_project/reading/covid/36_153_1_pb.pdf,e7e41881c7af9a43e52f600679b66e6ce3c99b7dbefa385bcc60c675ebe6df6b,487226,36_153_1_pb.pdf,,,,,
./education/research_project/reading/covid/covid_19_response_plan_for_the_safe_and_sustainable_operation_of_post_primary_schools.pdf,c6c53f53a52b0f468f64b87f7bc5011025364403e91c74134db3a9e298f292fa,1389893,covid_19_response_plan_for_the_safe_and_sustainable_operation_of_post_primary_schools.pdf,,,,,
./education/research_project/reading/covid/special_issue_covid_19_and_the_role_of_technology_and_pedagogy_on_school_education_during_a_pandemic.pdf,49d464473acd1dcc86da47c7ebb94e0e342a14e2e872ee8e4f9a4d489a36817e,429428,special_issue_covid_19_and_the_role_of_technology_and_pedagogy_on_school_education_during_a_pandemic.pdf,,,,,
./education/research_project/reading/covid/teacher_covid_report_final_21_01_21.pdf,399d83e3774a3ccf865e2bd4bd7162eb9b1f0554bd5d7921074bf7c37a352df0,2780353,teacher_covid_report_final_21_01_21.pdf,,,,,
./education/research_project/reading/covid/reconceptualising_relatedness_in_education_in_distanced_times.pdf,4170234a1d6ff3c8d070021d80c45b60235cd3b53209c29c398fe07928ae9a3c,603614,reconceptualising_relatedness_in_education_in_distanced_times.pdf,,,,,
./education/research_project/reading/covid/wearing_face_masks_strongly_confuses_counterparts_in_reading_emotions.pdf,6e8df93fb5346ba38cc7d50e02a77cb884f51854b190a11aac519e7010f5ac09,3456987,wearing_face_masks_strongly_confuses_counterparts_in_reading_emotions.pdf,,,,,
./education/research_project/reading/covid/masked_education_benefits_and_burdens_of_wearing_a_mask.pdf,efcc32285b996c8f2330d0ea71bc1b388b8281dfbc14d064e8a0aca5d653d6c4,672055,masked_education_benefits_and_burdens_of_wearing_a_mask.pdf,,,,,
./education/research_project/reading/covid/covid_19_response_plan_for_the_safe_and_sustainable_operation_of_primary_and_special_schools_des_2021.pdf,d4d491afc4b423dd00e10318b97270cf51ca5d7f468c381bd2c3bc9852787075,472807,covid_19_response_plan_for_the_safe_and_sustainable_operation_of_primary_and_special_schools_des_2021.pdf,,,,,
./education/research_project/reading/stats/myarticletochosetest.pdf,5186a5ee9e279ef4d182405918e50fda22137953c5d1e674281141295c1f40b5,216444,myarticletochosetest.pdf,,,,,
./education/research_project/reading/stats/norman2010_article_likert_scales_levels_of_measuremen.pdf,6bda1f9e1e7d1bdf0318becbb3b70103b8d2d8a3cdebc313a632b802f82954a0,146527,norman2010_article_likert_scales_levels_of_measuremen.pdf,,,,,
./education/research_project/reading/stats/harpe2015review_likertscale.pdf,c176e2398c4f570ff9b133f435ecfafcaf706a933d111a12866d03b82a979ae4,675893,harpe2015review_likertscale.pdf,,,,,
./education/research_project/reading/stats/comparing_two_samples_from_an_individual_likert_question_final_draft.pdf,4bd01ae17c76c819be0cbb1a271b9be0c21beb5647a03382683a26795500bdbc,782806,comparing_two_samples_from_an_individual_likert_question_final_draft.pdf,,,,,
./education/research_project/reading/stats/comparison_of_convenience_sampling_and_purposive_s.pdf,e78e3c657e96b32b4e631fdd9c45d25af698962afe4a5c7a34572b815b2ffb1b,266560,comparison_of_convenience_sampling_and_purposive_s.pdf,,,,,
./education/research_project/term_paper_sample_ay201617.docx,4ce53b7222490c1c5bd3c4476c9b35588cb989e7c4cd957f29d2b2a0f3a88c8c,1398377,term_paper_sample_ay201617.docx,,,,,
./education/research_project/results.docx,8d2da0a62f57b3d6a271703ac814bafef1724afb9c70633cc1a43b95d54be693,16212,results.docx,,,,,
./education/research_project/questiontypes.pdf,ffa9fd036dfcd8b588a5bd3f52009ad482f1d021b466a862088342cf48ada1b2,240910,questiontypes.pdf,,,,,
./education/research_project/cian_11476078_literature_review.docx,60c9d4b4e062839895dfc0d3e6b16345e26172692e719728f797c48159c301d0,66099,cian_11476078_literature_review.docx,,,,,
./education/research_project/appendices/pre_and_post_survey.docx,275083c48e965fcecbfc3b5d19c157c598ab18ac41f4d22213dcd684ca639bbf,14048,pre_and_post_survey.docx,,,,,
./education/research_project/appendices/example_topic_survey.docx,da6443052bbd3687d339e596191c9083435f93289b7d890a376281830010ec89,1487596,example_topic_survey.docx,,,,,
./education/research_project/appendices/consent_form_and_information_sheet.docx,9c6a0bfb6ea496ac11993bb8a88c3f59a6f224a3f2823dc85a47632cb8438cae,44650,consent_form_and_information_sheet.docx,,,,,
./education/research_project/action_feedback_sample_ay201617_1_1.docx,9c6c19ce11a629c7349f3b7ec4c918d5c40625cc494e52c4f4fe82e0a65f7a27,19857,action_feedback_sample_ay201617_1_1.docx,,,,,
./education/research_project/cian_11476078_literature_review2.docx,eea17519ad069308aecbb8272e511790d79badfb0d36363277ce88e22c5d979e,86351,cian_11476078_literature_review2.docx,,,,,
./education/research_project/action_research_paper_rubric_5.docx,ec2eddd9ee1cc67819ba2404581628b341f845de9a241a76c2ac52ff18a69c41,31464,action_research_paper_rubric_5.docx,,,,,
./education/research_project/research_project.docx,05ca223b583f6b99df766ec9586bdc374f521590ed670c6e9654ba6ab2cfa694,384490,research_project.docx,,,,,
./education/research_project/ed411_action_research_project_11476078.pdf,0ec5a580a322c6c11ade84cf5b0575bc1317406de32fb061ac8409593fae7aa5,5202147,ed411_action_research_project_11476078.pdf,,,,,
./education/research_project/ed411_action_research_project_11476078.docx,fc8fb1efe5ffa57c7bfa1fd60d62530ce252baccf08af461bfecc1bebff4acce,5559402,ed411_action_research_project_11476078.docx,,,,,
./education/research_project/testsave.docx,503f035ad4a5c083760a308ca142d2e7e5d32caef8d5506984479cf9d122d118,993472,testsave.docx,,,,,
./education/research_project/plickers/cubearea.gif,e4f5f3b51b9d076fea0664a3730bc75baaca2493c98b0fd37ee06c8f544ab054,5267021,cubearea.gif,,,,,
./education/research_project/plickers/ezgif_com_resize.gif,eb270c463b6caa9c414f7cb57625f8b177f6d4d0e8eb2de9d965ab7af8e3e811,1581321,ezgif_com_resize.gif,,,,,
./education/research_project/plickers/cubearea.mp4,3616cee64d1ca9d47e477d2055b7722dd2ecc42e69678462cf42ce0820a2197d,5023042,cubearea.mp4,,,,,
./education/research_project/plickers/ezgif_com_gif_maker.gif,253d29f91865d0232defd639ec6c619d24c170a8916c4c8db241605ffe169aaf,642489,ezgif_com_gif_maker.gif,,,,,
./education/research_project/plickers/quizcubevolume.gif,6267e105ba08b8dbad60884c450f591e588fbdb7fd5a13ec014ef978bcd2daec,1403319,quizcubevolume.gif,,,,,
./education/research_project/plickers/cubenet2.mp4,98cb3ee47baf6aae72d6cb0e9d22248c47e2277a19f99cdbadabd92d88e58688,4826599,cubenet2.mp4,,,,,
./education/research_project/plickers/cylindersurfacearea.mp4,e27b8d4ad8c3a4c360399d43ff0014307ec469fccd65a2ac384acefd4830b0cb,1237033,cylindersurfacearea.mp4,,,,,
./education/research_project/plickers/unnamed.jpg,75a3e8956ba102c3548929120162c766a20becd941ca6cac0d2379d3001224a1,21541,unnamed.jpg,,,,,
./education/research_project/plickers/volume_of_a_cube.mp4,e052394e31b97a9c21d3d14f75d5060b979d5c54305457fefef7f46d88229dbc,3667139,volume_of_a_cube.mp4,,,,,
./education/research_project/plickers/volumeofcube.gif,23828ad5b507483452ee1bc99ecdcae4ae26957c1b3b4580a3d8f4fae1ec6231,4148448,volumeofcube.gif,,,,,
./education/research_project/plickers/cubenet2.gif,9a6b7c29223074344e30ebd393b569427c527603c7b5f0c84dea981b6c5adf1a,4989432,cubenet2.gif,,,,,
./education/research_project/plickers/cylinderarea.gif,82381e53b2f0986368ab6347d1ba4cdad1275f54c808f6d8d45d3bf85a5d4536,236231,cylinderarea.gif,,,,,
./education/research_project/plickers/animated_gif_original.mp4,5d7bf9c032ef5ca0129fdc0aaf745302692109e147b2267cc2c586ee73b8827a,96241,animated_gif_original.mp4,,,,,
./education/creative_coding_for_maths_makers_balefired.pptx,d485f7aeff5bdc7ea5154cf809e93d13e72e3a9f175d700b04784995a76c32f6,8170258,creative_coding_for_maths_makers_balefired.pptx,,,,,
./education/closing_statement.pdf,6a1e8d64a2b8bd6953d2a906daf4aca702777e7069ecd78c314d5224e0998139,107286,closing_statement.pdf,,,,,
./education/opening_statement.pdf,0472ba4a16046d24140f318f7bb3115fff53773830833dae75d676b253af0784,137977,opening_statement.pdf,,,,,
./education/critical_incident.pdf,0cdfa7122930ebf5bb3b99d066d10cea35df253f0212643efe94681e7de1870a,111571,critical_incident.pdf,,,,,
./education/problem_based_learning.pdf,a629f2d5a1af45f93c8921e13b09c1c27c80800f160f1106158e594204fbdfa5,13217730,problem_based_learning.pdf,,,,,
./education/creative_coding_for_maths_makers_balefired.pdf,aa5da2215815ecd76f18cf888e15f084def794575a7be74293874f54bae4ed8f,3701820,creative_coding_for_maths_makers_balefired.pdf,,,,,
./education/t_l_plan_cian_michael.docx,a7b565fc5e7d492dd406f0aa92824f7a2cf209084b056ebdc232cedc3e986e5f,108426,t_l_plan_cian_michael.docx,,,,,
./education/ed303_opening_statement.docx,cf8ce4b80e55df4e3cf4ff0ed53b764765fc53bb6bc65e8aa16508945376c157,14143,ed303_opening_statement.docx,,,,,
./education/pgce/ed.gif,99951cb292f7778401b90f72c7eae0dfd5dd09a65356296cb56e1482ca9af02d,240245,ed.gif,,,,,
./education/pgce/score.gif,3e319157565d66dd5e650dd37b7d602b3eb9679095ffc675a9db5ae25fddab56,515617,score.gif,,,,,
./education/pgce/typed_java.png,7f02f8e975e69b717f9f935684865874308f37c43d2249e0468ba2d3714cb43d,113837,typed_java.png,,,,,
./education/pgce/scratch_marvel_rivals.sb3,a0cc9d3c31a7e900e8652952d596d6e8424119cd4221eeb32f569c2a1aef6385,5789095,scratch_marvel_rivals.sb3,,,,,
./education/pgce/pgce_personal_statement.pdf,30cd6be7ff4ccc390137dd7f7986c2ddb5ffbcd7c35749d388903ffefa633976,28094,pgce_personal_statement.pdf,,,,,
./education/pgce/geogebra.gif,2d603ca95244c137070cb53a89cf754564ff4fdc4d0966c8d8198a9a47ce2e57,759255,geogebra.gif,,,,,
./education/pgce/geogebra_export.ggb,b455e417d7aa0613a7331dc7fcf9d7df46e23f9ccc37914544fa965d5cb98ce3,107999,geogebra_export.ggb,,,,,
./education/pgce/rivals.gif,b50b49327b58071f376428f8ad42371c788baa41f7949569ce1af2027caea1b4,968327,rivals.gif,,,,,
./education/pgce/syllabus/subject_level_guidance_for_gcse_computer_science.pdf,6d3f4261c5054e4d0ce0c3eccd4deaea0f9ca2fbe577caf287f58aff8308310a,331026,subject_level_guidance_for_gcse_computer_science.pdf,,,,,
./education/pgce/syllabus/ncce_teacher_guide_ks2_v12.pdf,9ef87dfb3c7a8c103ae6adda211a0f78fc2e194e267febb1a8ceb8bee244b60f,982740,ncce_teacher_guide_ks2_v12.pdf,,,,,
./education/pgce/syllabus/ks3_4_computing_curriculum.pdf,a607a685bcbfbfa767200d17d63c3c6d2b6b9c21e1c43c7afd6b78b329f3b352,389554,ks3_4_computing_curriculum.pdf,,,,,
./education/pgce/syllabus/learning_graph_intro_to_python_programming_y8.pdf,f1816520151eb0333eee860689476e603797fcbdae1ab6894529e1fac3ed2bc3,137703,learning_graph_intro_to_python_programming_y8.pdf,,,,,
./education/pgce/syllabus/secondary_national_curriculum_computing.pdf,83f2c295562bc324832d36864e6134775daa085e5e0884796c46c32d3eaa0f2f,115864,secondary_national_curriculum_computing.pdf,,,,,
./education/pgce/syllabus/aqa_8525_sp_2020.pdf,7c62f807f07b077f58b0ad905d20f42a98d216a026faaf5a18d60ef562313836,969162,aqa_8525_sp_2020.pdf,,,,,
./education/pgce/syllabus/gcse_subject_level_conditions_and_requirements_for_computer_science_examined_2022_onwards.pdf,9c7eec5ecc61ded4f43536b07b6d5fc063c5385e5d3350d996056730ecfe533c,1301746,gcse_subject_level_conditions_and_requirements_for_computer_science_examined_2022_onwards.pdf,,,,,
./education/pgce/syllabus/teach_computing_curriculum_ks2_vocabulary_list_v11.pdf,c5e86dc55ed377e4642dec8f3995edeb6e4f660475c3ccb7143018c171a982d8,118630,teach_computing_curriculum_ks2_vocabulary_list_v11.pdf,,,,,
./education/pgce/syllabus/pedagogy_principles.pdf,d2c46712b830f49030892a7dbc157788396eb811b8da421c3b961277842d01b9,198123,pedagogy_principles.pdf,,,,,
./education/pgce/syllabus/ncce_teacher_guide_ks3.pdf,41d4c040b331f6e09bd8f60c8ad73d48bc1bfdf3a05dcac3f781d98f5e7c4759,6623098,ncce_teacher_guide_ks3.pdf,,,,,
./education/pgce/syllabus/lessons/summative_assessment_introduction_to_python_programming_y8.docx,127d1a4c0f44e02a7e8c80ccd0b59effd8b5c48c9f8871f79bc0b30ada4757f6,339926,summative_assessment_introduction_to_python_programming_y8.docx,,,,,
./education/pgce/syllabus/lessons/unit_guide_4_programming_essentials_in_scratch_part_i_y7_v11.docx,450547834e759cc8b52c3d6322faffa453054c1e02d054e298d581276c89fe7c,99733,unit_guide_4_programming_essentials_in_scratch_part_i_y7_v11.docx,,,,,
./education/pgce/syllabus/lessons/resource_python_cheat_sheets_intro_to_python_programming_y8.pdf,3a4e28819ba0c9eabe49da456b4d75698452e1bf37688d9b9aad520acadccd24,105487,resource_python_cheat_sheets_intro_to_python_programming_y8.pdf,,,,,
./education/pgce/syllabus/lessons/unit_guide_6_introduction_to_python_programming_y8_v12.docx,1437e34f531002fab72c8bb935d3a76dc96152e5a4158f9a3a8b4865108d1954,1803074,unit_guide_6_introduction_to_python_programming_y8_v12.docx,,,,,
./education/pgce/syllabus/lessons/unit_guide_6_introduction_to_python_programming_y8_v12.pdf,38f84ae07a9ce50063cd961ab1566bab2d69e14047f82da2d699e31306c20e39,300278,unit_guide_6_introduction_to_python_programming_y8_v12.pdf,,,,,
./education/pgce/syllabus/lessons/unit_assessment_rubric_programming_essentials_in_scratch_part_i_y7.docx,3eef4c0a1525e5270cc1596cd4808de6edfed7abd12a378482b71b8f91a64ef4,135059,unit_assessment_rubric_programming_essentials_in_scratch_part_i_y7.docx,,,,,
./education/pgce/syllabus/lessons/unit_assessment_rubric_programming_essentials_in_scratch_part_i_y7.pdf,a15b356374a4b48fb8a0d2b397802730b3e6d863490f97e85cb1e7f8d51bbd48,145094,unit_assessment_rubric_programming_essentials_in_scratch_part_i_y7.pdf,,,,,
./education/pgce/syllabus/lessons/resource_python_cheat_sheets_intro_to_python_programming_y8.pptx,48f08a24196eeeae935b2d5ca105672b5acdfc1b6b42f11a1e62eeedc7aaa681,349788,resource_python_cheat_sheets_intro_to_python_programming_y8.pptx,,,,,
./education/pgce/syllabus/lessons/summative_assessment_answers_introduction_to_python_programming_y8.docx,2e9cec9089b7eb479758223e01fa4c31e2efd2940c5aa5739a6227d9d034d67d,339950,summative_assessment_answers_introduction_to_python_programming_y8.docx,,,,,
./education/pgce/syllabus/lessons/unit_guide_4_programming_essentials_in_scratch_part_i_y7_v11.pdf,346e69a7050ead1ab47c36fe440fde06d264c0b75bd7279a133a11ef093b3407,285323,unit_guide_4_programming_essentials_in_scratch_part_i_y7_v11.pdf,,,,,
./education/pgce/syllabus/lessons/l1_slides_variables_in_games.pptx,032fa9995df93c126e134b127d01ac78ada5d63fa95dd555d846fff06c2ccc8a,1866797,l1_slides_variables_in_games.pptx,,,,,
./education/pgce/syllabus/lessons/l1_lesson_plan_variables_in_games.pdf,a291c81a2796c4f3b2103f97241efbc3edaa66246290f77d3deb87515105c4de,162822,l1_lesson_plan_variables_in_games.pdf,,,,,
./education/pgce/syllabus/lessons/a2_worksheet_first_steps.docx,2b3dc900de717ed77f0c9054864d129e550ba7ace74fcf10f3bdc93b65d93bde,353620,a2_worksheet_first_steps.docx,,,,,
./education/pgce/syllabus/lessons/learning_graph_variables_in_games_y6.pdf,31deb5c10bbc8569ca41c662dd28b840e7742eee600a5154154099e977da548b,129509,learning_graph_variables_in_games_y6.pdf,,,,,
./education/pgce/syllabus/lessons/ap_activity_sheet_variable_values.docx,d875e104cec9bb2d27cc204a84d8ea49ee8f11f5e7e20f8eeaa07f63a9c69b51,189161,ap_activity_sheet_variable_values.docx,,,,,
./education/pgce/syllabus/learning_graph_programming_essentials_in_scratch_parts_i_ii_y7.pdf,ed969799db3df7e73f58debf4516ce5672fbfd799396d05dc71dc4ef7fa38170,136201,learning_graph_programming_essentials_in_scratch_parts_i_ii_y7.pdf,,,,,
./education/pgce/syllabus/eduqas_gcse_computer_science_specification_10_02_2020.pdf,ec16419907d8249b4febdf4c68baeae1a78c3ddeab57a346c38bf2c18ab7c5c5,2366370,eduqas_gcse_computer_science_specification_10_02_2020.pdf,,,,,
./education/pgce/notebooklm/subject_level_guidance_for_gcse_computer_science.pdf,6d3f4261c5054e4d0ce0c3eccd4deaea0f9ca2fbe577caf287f58aff8308310a,331026,subject_level_guidance_for_gcse_computer_science.pdf,,,,,
./education/pgce/notebooklm/ncce_teacher_guide_ks2_v12.pdf,9ef87dfb3c7a8c103ae6adda211a0f78fc2e194e267febb1a8ceb8bee244b60f,982740,ncce_teacher_guide_ks2_v12.pdf,,,,,
./education/pgce/notebooklm/ks3_4_computing_curriculum.pdf,a607a685bcbfbfa767200d17d63c3c6d2b6b9c21e1c43c7afd6b78b329f3b352,389554,ks3_4_computing_curriculum.pdf,,,,,
./education/pgce/notebooklm/learning_graph_intro_to_python_programming_y8.pdf,f1816520151eb0333eee860689476e603797fcbdae1ab6894529e1fac3ed2bc3,137703,learning_graph_intro_to_python_programming_y8.pdf,,,,,
./education/pgce/notebooklm/unit_guide_6_introduction_to_python_programming_y8_v12.pdf,38f84ae07a9ce50063cd961ab1566bab2d69e14047f82da2d699e31306c20e39,300278,unit_guide_6_introduction_to_python_programming_y8_v12.pdf,,,,,
./education/pgce/notebooklm/secondary_national_curriculum_computing.pdf,83f2c295562bc324832d36864e6134775daa085e5e0884796c46c32d3eaa0f2f,115864,secondary_national_curriculum_computing.pdf,,,,,
./education/pgce/notebooklm/unit_assessment_rubric_programming_essentials_in_scratch_part_i_y7.pdf,a15b356374a4b48fb8a0d2b397802730b3e6d863490f97e85cb1e7f8d51bbd48,145094,unit_assessment_rubric_programming_essentials_in_scratch_part_i_y7.pdf,,,,,
./education/pgce/notebooklm/aqa_8525_sp_2020.pdf,7c62f807f07b077f58b0ad905d20f42a98d216a026faaf5a18d60ef562313836,969162,aqa_8525_sp_2020.pdf,,,,,
./education/pgce/notebooklm/gcse_subject_level_conditions_and_requirements_for_computer_science_examined_2022_onwards.pdf,9c7eec5ecc61ded4f43536b07b6d5fc063c5385e5d3350d996056730ecfe533c,1301746,gcse_subject_level_conditions_and_requirements_for_computer_science_examined_2022_onwards.pdf,,,,,
./education/pgce/notebooklm/teach_computing_curriculum_ks2_vocabulary_list_v11.pdf,c5e86dc55ed377e4642dec8f3995edeb6e4f660475c3ccb7143018c171a982d8,118630,teach_computing_curriculum_ks2_vocabulary_list_v11.pdf,,,,,
./education/pgce/notebooklm/pedagogy_principles.pdf,d2c46712b830f49030892a7dbc157788396eb811b8da421c3b961277842d01b9,198123,pedagogy_principles.pdf,,,,,
./education/pgce/notebooklm/ncce_teacher_guide_ks3.pdf,41d4c040b331f6e09bd8f60c8ad73d48bc1bfdf3a05dcac3f781d98f5e7c4759,6623098,ncce_teacher_guide_ks3.pdf,,,,,
./education/pgce/notebooklm/starter_quiz_answers.pdf,df83a17e9765163ab83cf01d4455e62adfcd3091f6c447b3ee107bc108d48601,627851,starter_quiz_answers.pdf,,,,,
./education/pgce/notebooklm/exit_quiz_answers.pdf,053b46ef47f420f622cf4fb8a78269a78f6f4034d2a960c2a82a0ec6df3af8be,611664,exit_quiz_answers.pdf,,,,,
./education/pgce/notebooklm/learning_graph_programming_essentials_in_scratch_parts_i_ii_y7.pdf,ed969799db3df7e73f58debf4516ce5672fbfd799396d05dc71dc4ef7fa38170,136201,learning_graph_programming_essentials_in_scratch_parts_i_ii_y7.pdf,,,,,
./education/pgce/notebooklm/unit_guide_4_programming_essentials_in_scratch_part_i_y7_v11.pdf,346e69a7050ead1ab47c36fe440fde06d264c0b75bd7279a133a11ef093b3407,285323,unit_guide_4_programming_essentials_in_scratch_part_i_y7_v11.pdf,,,,,
./education/pgce/notebooklm/eduqas_gcse_computer_science_specification_10_02_2020.pdf,ec16419907d8249b4febdf4c68baeae1a78c3ddeab57a346c38bf2c18ab7c5c5,2366370,eduqas_gcse_computer_science_specification_10_02_2020.pdf,,,,,
./education/pgce/notebooklm/l1_lesson_plan_variables_in_games.pdf,a291c81a2796c4f3b2103f97241efbc3edaa66246290f77d3deb87515105c4de,162822,l1_lesson_plan_variables_in_games.pdf,,,,,
./education/pgce/notebooklm/learning_graph_variables_in_games_y6.pdf,31deb5c10bbc8569ca41c662dd28b840e7742eee600a5154154099e977da548b,129509,learning_graph_variables_in_games_y6.pdf,,,,,
./education/pgce/score.png,3986fb8562a8c762644184a3a04ebfb7ad9432644975db02902dc61066fbc181,153726,score.png,,,,,
./education/pgce/date.png,118ae71c6dded9519dc343d7f1bfdd6d808e280f7666449e4ea5bb3c8a2d1f29,138607,date.png,,,,,
./education/pgce/creating_and_using_variables.pptx,3fccc4bc7697b1d872040d7003a9cfde41d53c1f819fab6a0aa7c263aeab4e52,13073272,creating_and_using_variables.pptx,,,,,
./education/pgce/safeguarding.pdf,34a4b4dce8c8df9e7e6e688fb75c2c983792b68e5ec5f3f5d3c291fbca7c92ee,1780866,safeguarding.pdf,,,,,
./education/pgce/rivals_logo.png,6b359075d8cb2a2b7aa348eaf90b3df6109e97f143c953599dca17a32705780f,479974,rivals_logo.png,,,,,
./education/pgce/plickers.gif,2c77c89bac983aa7b0e15542fb5ac79a8d1b7217dd431623592d089f249f442d,192568,plickers.gif,,,,,
./education/pgce/sprites/spiderman.png,5720c7353da3d7efb07123bfa9a54e5f6ddee44fc8c4a3f70b277e01f002c993,514873,spiderman.png,,,,,
./education/pgce/sprites/magik.png,0cf86a29080540fe4b327ea8b2bea3851014c34c69f5e804dc2da9baf1524886,665245,magik.png,,,,,
./education/pgce/sprites/punisher.png,27a439026012361977cecc75401db94837c49bbc226c8ebd5d413fad298316c1,896705,punisher.png,,,,,
./education/pgce/sprites/magneto.png,af07f5c2762336512472b18f0d2479a688799fb7bef5377af2d16a837234de49,939815,magneto.png,,,,,
./education/pgce/sprites/victory.jpg,2842e24fbb23f6613ce6dc7ae8855e84ce1284956738b5d0170bcb2e988927a1,85137,victory.jpg,,,,,
./education/pgce/sprites/ironman.png,166499cb6b79eba5ac98d6f575af3ec49167a28e269b08b1b175d225346e4a2f,718683,ironman.png,,,,,
./education/pgce/sprites/marvel_rivals.png,138775c4660787556d19df3ba8381dabb5632727e8674eab035cac446221a5ea,29634,marvel_rivals.png,,,,,
./education/pgce/sprites/logo_jeff.png,d2ba8f014a012466ebeb03aa3ec687dc2ea3cc5a5c6e804466a422ecbf36a74b,191113,logo_jeff.png,,,,,
./education/pgce/sprites/rocket_raccoon.png,419f6e2305db4312f57350b1a131ffd6c3c0bc25e51d6535980592f45c58b0ab,1050159,rocket_raccoon.png,,,,,
./education/pgce/sprites/peni_parker.png,4792c0e1ddd91e83622ba52959b08447e1da1516eaa932fd678296a5499f6f23,1623184,peni_parker.png,,,,,
./education/pgce/sprites/script.js,8da9cf164a6e2a87d4384343701dc5daa7aa83c88e12834ada1aaf12714adb2a,2784,script.js,,,,,
./education/pgce/sprites/luna.png,cd704558a468104eb8751ca1c2ce3af857246a1c2805d9fc555965300cafe386,400442,luna.png,,,,,
./education/pgce/sprites/starlord.png,62d222ff8d23aed11ca77c45d12b98a1e315fbe3207085d11f41daeb2ea9ec1e,692123,starlord.png,,,,,
./education/pgce/sprites/loki.png,b7b8189fb38d60b149fdbcbd042ef12f612acc7b19d8188a60fde482790d57ec,927123,loki.png,,,,,
./education/pgce/sprites/mantis.png,e19a90a9c484f6dc24842bed5fba215723310a9b6056814c80c5bf9327e2316a,519606,mantis.png,,,,,
./education/pgce/sprites/black_panther.png,9980ada6ab3153de08eda3516ee9b5b683bf25fea3e0f7622a8fd1cc783a05ba,664011,black_panther.png,,,,,
./education/pgce/sprites/hela.png,750cff3e9f21b20464d035acff8c8f8ed131625b0435cb8c7aa29205afbb8a3b,1065320,hela.png,,,,,
./education/pgce/sprites/dr_strange.png,f2bff4999a6dce07a42c67943677e7e158c800044ed1b1ce76cbb7c8025c5bf1,994904,dr_strange.png,,,,,
./education/pgce/sprites/scarlet_witch.png,33ddba87c3fc358cc34a4cb0c887c4bb28991d5cc923492817f962777218148a,601366,scarlet_witch.png,,,,,
./education/pgce/sprites/defeat.jpg,94bc749b3b4411a273938f4c8545608143849772f91b6171cabace0631a396fe,106331,defeat.jpg,,,,,
./education/pgce/sprites/dr_doom.png,a75e69dc1783e040fab41ec978e3e09b1a77cd64a73a4fac3a99a0a81a3ff4bd,1027327,dr_doom.png,,,,,
./education/pgce/sprites/jeff.png,ea1819555c3a30629b3cd8086c1f422e4697cf65db132c4a9c3dbce676c7b2c2,98652,jeff.png,,,,,
./education/pgce/sprites/hulk.png,f4eae3bec734a28f3a0ec26f7d0e0f9cb294a1bcb3ea1b0acc36fd052b3fa4bc,1002169,hulk.png,,,,,
./education/pgce/sprites/storm.png,09eaa4e96bd96161ffc1434697e8326049647b5d557685cdc3e3b2221fdea6a1,597655,storm.png,,,,,
./education/pgce/sprites/groot.png,4ca9266b71800bb4b58c4aceb3251859a98547ad3d1d26ec39f2b77d96fe4e02,1096201,groot.png,,,,,
./education/pgce/temp.png,bc40844353375952156eae33c2395e54a633a24a6d0c88d6d9be9d8ca80ef6c1,96246,temp.png,,,,,
./education/pgce/untyped_python.png,2997d799085eec148a5675ca4444e683a725bdc3c91073229cd5ac3c197b97c2,93641,untyped_python.png,,,,,
./education/pgce/variable_types.png,d095aaf274343a2a74157b487d489f558d558fc3cef0601737b9b0af5bc59905,5955,variable_types.png,,,,,
./education/pgce/pgce_cs_test_2024_cian.pdf,8e990a9540c68e66d28f20249a9e09c5621657b43109c5268abe295cd4dfc3be,7751665,pgce_cs_test_2024_cian.pdf,,,,,
./education/pgce/worksheet.pdf,1c7aa6ff26fefc4cde46921cdb577fd1f87f98cb9f1020bfcece2e35af6bbe7d,1149198,worksheet.pdf,,,,,
./education/ed411_action_research_project_11476078.docx,fc8fb1efe5ffa57c7bfa1fd60d62530ce252baccf08af461bfecc1bebff4acce,5559402,ed411_action_research_project_11476078.docx,,,,,
./mata/numerical_analysis_2/Labs/lab1.pdf,54e0c6f3e7a5118b693964174b34c2e88afc1211c331f07d71f46c508bd6e60b,167988,lab1.pdf,,,,,
./mata/numerical_analysis_2/Labs/lab3.pdf,c07916bd5d796253a5b4c8c0cac7e5a01ad1080f3b04aeb407bb4e8ed764c4b8,126162,lab3.pdf,,,,,
./mata/numerical_analysis_2/Labs/lab2.pdf,f19c2ed40b8988c700ab96e2d50ed967984607e1665c29ab2511d8042741af9d,177367,lab2.pdf,,,,,
./mata/numerical_analysis_2/Labs/lab1.m,7c73e8dfb61087f8e62e95b3e48b7616f2813031acb9bd70a267af08363a728f,3076,lab1.m,,,,,
./mata/numerical_analysis_2/Labs/pchip_interp.m,9bb48d6efdacba2be72f3e86c598cfa129ca4fd3fea2a26b0721c126a49d268f,1047,pchip_interp.m,,,,,
./mata/numerical_analysis_2/Labs/Lab1_CianMacLiathain.m,58a050d45c32ed89fe80c659779c34ccc51f7770ea9785c4e824d0bfac287a6d,1316,Lab1_CianMacLiathain.m,,,,,
./mata/numerical_analysis_2/Labs/lab2.m,ddfae9c4750fa6daffc78893dae403b9ab7641fa2eaed6b60bf388d1a23b8eb0,2455,lab2.m,,,,,
./mata/numerical_analysis_2/Labs/lspline.m,0a21b04c1c91447e2fb9a0ff63bf577aaefff686ec2d8e43f1601428fb974ae6,687,lspline.m,,,,,
./mata/numerical_analysis_2/Labs/lab3.m,30cd2156fd182c5e3ff07a0c2af538bcdab55295c1758fced287967187b08d5e,4164,lab3.m,,,,,
./mata/numerical_analysis_2/cian_mac_liathain_class_test.pdf,9852f15ad671db1ed279ea4df744706a894b413f8c950c6e287a0bcb6d1e1919,5542170,cian_mac_liathain_class_test.pdf,,,,,
./mata/numerical_analysis_2/11476078_ma378_exam.pdf,64f7fb5328ae83ec8c0809ec259bb0f9fce589df65beaeb6aa8487ed040da83f,13772225,11476078_ma378_exam.pdf,,,,,
./mata/numerical_analysis_2/my_marks_2021_ma378_numerical_analysis_ii.pdf,2958157b3718ee42f3dc95d08ebf9b46c44c1269a4ad30e74a0a72d96861312b,91414,my_marks_2021_ma378_numerical_analysis_ii.pdf,,,,,
./mata/numerical_analysis_2/exam_papers/2015_2016_MA531_1_1_2.PDF,3ba0cf2668a6b046810023f249f19343ab23c121c865338066d0d21ba68363be,160899,2015_2016_MA531_1_1_2.PDF,,,,,
./mata/numerical_analysis_2/exam_papers/2015_2016_MA531_1_2_3.PDF,8014496df6fac92a3016c92c63f7e90cd623f72319ac3b1e2ae3ba83023c9c02,159666,2015_2016_MA531_1_2_3.PDF,,,,,
./mata/numerical_analysis_2/exam_papers/2012_2013_MA531_1_1_2.PDF,616902f821fee5b8ea9c1afe069e517062a69a0989cf6760fe972e728c1a12d6,202999,2012_2013_MA531_1_1_2.PDF,,,,,
./mata/numerical_analysis_2/exam_papers/2017_2018_MA378_1_1_2.PDF,cbfc26161382171e327c43c531766a35a10c0116d6dc6ed85278cbfcc59938ce,162291,2017_2018_MA378_1_1_2.PDF,,,,,
./mata/numerical_analysis_2/exam_papers/2018_2019_MA378_1_1_2.PDF,de7f6124f94c6fa8e242ad8f6f6c3321436140ab9e2dea83e20c9f77efff4110,162588,2018_2019_MA378_1_1_2.PDF,,,,,
./mata/numerical_analysis_2/exam_papers/2014_2015_MA531_1_1_2.PDF,809aa56446f35d185cd16c439a71813453d209fb5ecb6eeff0b9ef9e6a491498,73324,2014_2015_MA531_1_1_2.PDF,,,,,
./mata/numerical_analysis_2/exam_papers/2016_2017_MA378_1_1_2.PDF,7513cd5770d4d41d44cfbf0c16551921eb0130023dade121c86777f72bc18f4a,189746,2016_2017_MA378_1_1_2.PDF,,,,,
./mata/numerical_analysis_2/problem_sheets/ps2.pdf,4919d14c55c43da0c179a4bd772231ee4daac826d3593ec81459953e6d74d3fa,109789,ps2.pdf,,,,,
./mata/numerical_analysis_2/problem_sheets/ps1_1.pdf,3dcc2fc23cff2be81a249ff5496dce33b7fb98fcd6ad2b0519c7741d4511d19e,88849,ps1_1.pdf,,,,,
./mata/numerical_analysis_2/problem_sheets/ps2_2.pdf,6b4104e2fc912b37074bac12629805e4572b332abc114e9523521815e0813ae9,15684084,ps2_2.pdf,,,,,
./mata/numerical_analysis_2/problem_sheets/11476078_problem_sheet_1_final.pdf,97c83e4a3d157f577b5091d6125499717845f567f3c1309f167ee5abd971ac77,8560662,11476078_problem_sheet_1_final.pdf,,,,,
./mata/numerical_analysis_2/problem_sheets/anail_s_numerical.pdf,d3cd3f76bfbdcd85d6ad8fe42fad6bd9b4cb28b1a972e0f3f8245be98cb6467d,15684084,anail_s_numerical.pdf,,,,,
./mata/numerical_analysis_2/problem_sheets/assignment2_cian_mac_liathain.pdf,6be11904f7708d3d4d7e54a5199069ff3b464bfab259edd32dfa096d0c0b68b2,6878704,assignment2_cian_mac_liathain.pdf,,,,,
./mata/numerical_analysis_2/ma378_class_test.pdf,127ef3ad1aaae790e6432507336c4ac1acbc24130af737f2208525fd26cbabbf,78697,ma378_class_test.pdf,,,,,
./mata/numerical_analysis_2/ma378_niall_madden_ronan_egan_notes.pdf,9179f8094e81cf28325b86e3bc2908bca583773fdad60d75162ed6402ce0b1f0,32859079,ma378_niall_madden_ronan_egan_notes.pdf,,,,,
./mata/ISLP_labs/book_images/Sleeping_Cat.jpg,d889979a50bc6f7f7bca371ce292bc505153010e6c5584356bf76c72459ffe3a,1429117,Sleeping_Cat.jpg,,,,,
./mata/ISLP_labs/book_images/Cape_Weaver.jpg,e1d779cfbcf5609e3baa609d1af46df0b72ef2b44991696ec8a329b59336d495,1968010,Cape_Weaver.jpg,,,,,
./mata/ISLP_labs/book_images/Flamingo.jpg,c0b864c8ca35fa52e7933e11bed12e337a899e974c29d202804f51bfff030445,288222,Flamingo.jpg,,,,,
./mata/ISLP_labs/book_images/Hawk_cropped.jpg,cd3f70ec4b10c455e834eb26cdcdf3ec214907b00c633518ceafc5c868fd7d5e,1699099,Hawk_cropped.jpg,,,,,
./mata/ISLP_labs/book_images/Lhasa_Apso.jpg,5edea0f97ab6e2b5ab9267740ef708fdff6b1250cf5bf6179982f35f5c6674c9,1057309,Lhasa_Apso.jpg,,,,,
./mata/ISLP_labs/book_images/Hawk_Fountain.jpg,04328a1ef3b7748aa76fac994eba1eabb79bc1fa60d91ca34eceb85a2a45822b,6653297,Hawk_Fountain.jpg,,,,,
./mata/ISLP_labs/imagenet_class_index.json,a1e7a966a1f601d39e4b43e119b3e7dd4a2ad3ea08cf69847cbaf021013767bc,35363,imagenet_class_index.json,,,,,
./mata/ISLP_labs/LICENSE,9b673f4e953e0597c96a6655bb5b55db8677691cf5c7ddbdabafcfd3b1b8f18b,1308,LICENSE,,,,,
./mata/ISLP_labs/requirements.txt,16724aa7dfd95e5f33c57950f340027debbb8806137431250b6b44c9c0869044,328,requirements.txt,,,,,
./mata/ISLP_labs/Makefile,99ae5453ac7f5d8371811cdb667a046cf4f2ecf932d82c63049c62c450c4eeca,966,Makefile,,,,,
./mata/ISLP_labs/Ch09-svm-lab.ipynb,5dec506ee233bb1c1fc5e2664fdd04de9c0cbfde83ba7f6bc494e75765670272,968833,Ch09-svm-lab.ipynb,,,,,
./mata/ISLP_labs/Ch02-statlearn-lab.ipynb,7480d8c5484e1b7e6856a51eadb6d3cab17b95b73c4a0d3405c00f79d43a2a25,1589124,Ch02-statlearn-lab.ipynb,,,,,
./mata/ISLP_labs/Ch11-surv-lab.ipynb,fdc8e6975caa70b6245d2c774ccfdd79a979126c7cf2785bccf0f842a580ed0e,419830,Ch11-surv-lab.ipynb,,,,,
./mata/ISLP_labs/Ch05-resample-lab.ipynb,c4298dc262dbbf87d49c8977ba000e83afb4a6ec72dea218377b1b42f016c536,41699,Ch05-resample-lab.ipynb,,,,,
./mata/ISLP_labs/README.md,32fa50249b1665e94ba877c46116a1d31101df9a695d16c9e47446c7430391a2,6916,README.md,,,,,
./mata/ISLP_labs/Ch13-multiple-lab.ipynb,b27bc622b6354d5d1cc2ea6a2f2501d07b4a760019a91c474bcec8767cdeca59,198710,Ch13-multiple-lab.ipynb,,,,,
./mata/ISLP_labs/Ch07-nonlin-lab.ipynb,c63badc120ad8fbc216d875d2c6024ac417107b42a2166c6cbf5457210c3f77a,1530607,Ch07-nonlin-lab.ipynb,,,,,
./mata/ISLP_labs/Ch03-linreg-lab.ipynb,5b3bd178dbfd6024d17a9ef1319d87d853d10d124480d28570e9257608c445e9,272791,Ch03-linreg-lab.ipynb,,,,,
./mata/ISLP_labs/Ch10-deeplearning-lab.ipynb,a84ed256bcb23dbd10b23b1603ef63b6336128cfebebcbe8a43df031ddcbe6e9,606480,Ch10-deeplearning-lab.ipynb,,,,,
./mata/ISLP_labs/Ch08-baggboost-lab.ipynb,b1456b70895a9d22af52c461bb0498475be75eeaf7d8b1588c19a3b27cccedd4,610956,Ch08-baggboost-lab.ipynb,,,,,
./mata/ISLP_labs/Ch06-varselect-lab.ipynb,54b64ff17ca1f6a45e112f63e21f5c690e1d3d8348cd084e0f4a4fa16ebb7b99,1154145,Ch06-varselect-lab.ipynb,,,,,
./mata/ISLP_labs/Auto.csv,387b35512e265608328881d7299f768f8010e21d27acd53e5a07456ea9ee3ff7,19004,Auto.csv,,,,,
./mata/ISLP_labs/Ch04-classification-lab.ipynb,b583639f390d85a3c17b2b693406c3ccd9be8ed6ee098051f8f1fee3294ee4c6,550354,Ch04-classification-lab.ipynb,,,,,
./mata/ISLP_labs/Auto.data,96aeab0bb5d5014b730730eb3cdcfa1951c196901194ee5814b251ffe454d171,30287,Auto.data,,,,,
./mata/ISLP_labs/Ch12-unsup-lab.ipynb,02110e244af05b72cb6bb75128399e84f2ac6b3c119576966999d9e90151a2cb,844575,Ch12-unsup-lab.ipynb,,,,,
./mata/ISLP_labs/setup_notebook_env.py,e37b0e729d5df08902862b9af9fa404cff4633b84d4d1610cc38c259557aade1,7824,setup_notebook_env.py,,,,,
./mata/applied_statistics_2/certificate.pdf,940f7a7db1861b653e6254ae833d59b711eda9734b893d9566069b0cd812ff03,206735,certificate.pdf,,,,,
./mata/applied_statistics_2/cian_mac_liathain_r_exam.docx,96930abf45fa86030c756a29664460459174e4f3871fac853cbd2d7d45113a41,424201,cian_mac_liathain_r_exam.docx,,,,,
./mata/applied_statistics_2/st312_11476078_cian_mac_liathain.pdf,bd9b6eba1d24832def85a2a887761d0db8de78dda9bfe054b90dca4070ea1d1e,7331765,st312_11476078_cian_mac_liathain.pdf,,,,,
./mata/applied_statistics_2/exam_papers/2018_2019_ST312_1_1_2.PDF,23248fc13ba7d4d08fc6613ee574e9be35d80c60579ee9571fd5bd2b5b1ef34d,920155,2018_2019_ST312_1_1_2.PDF,,,,,
./mata/applied_statistics_2/exam_papers/2016_2017_ST312_1_1_2.PDF,a124e09edc4521c8e17bf29719acf942e702f7371aad51b8ccae39ddf16ef3ff,406449,2016_2017_ST312_1_1_2.PDF,,,,,
./mata/applied_statistics_2/exam_papers/ST312-Summer-2021.pdf,7b5438fe8be87bd1bfbc927cf57694e3a7fb3ce99db0a903b1216f20fbe492b5,477264,ST312-Summer-2021.pdf,,,,,
./mata/applied_statistics_2/exam_papers/2017_2018_ST312_1_1_2.PDF,b2b00cdf4e22a621f9a0512a493582799f915f97466b43a4833d4472d5c6ae88,406519,2017_2018_ST312_1_1_2.PDF,,,,,
./mata/applied_statistics_2/exam_papers/ST312_Summer_1920.pdf,0bd8d59f28c82e01d47dd0b6589d7e9131c0fb3dbc6ef175dcc61d30279cf32e,511658,ST312_Summer_1920.pdf,,,,,
./mata/applied_statistics_2/st312_summer_exam_2021.pdf,7b5438fe8be87bd1bfbc927cf57694e3a7fb3ce99db0a903b1216f20fbe492b5,477264,st312_summer_exam_2021.pdf,,,,,
./mata/applied_statistics_2/my_marks_2021_st312_applied_statistics_ii.pdf,b4148920e5cc14e1a0a577554e62edb52d1e008fd4fc9f708ffeaa3a13b870ac,84025,my_marks_2021_st312_applied_statistics_ii.pdf,,,,,
./mata/applied_statistics_2/st312_notes.pdf,bc085ee11bdfc40920d3a276329fb27fb0a30dc099540e9dab40845978bfaa05,8155945,st312_notes.pdf,,,,,
./mata/applied_statistics_2/assignment_2/assignment_2_anova.docx,d259701e723ad8838ba1395c2df2b2d487240905172fb78a4a27e00ec535109e,171698,assignment_2_anova.docx,,,,,
./mata/applied_statistics_2/assignment_2/assignment_2_anova.Rmd,96da38266ee4791ea30d8d6ab60e2d7d981b703c5bd3bbc1112406adad795c3c,8361,assignment_2_anova.Rmd,,,,,
./mata/applied_statistics_2/assignment_3/assignment_3_logistic_regression.Rmd,7ae93e51fd55d7bb9cc38eb2f9d0bf54aa85c59788208bbf24b14db00b0b0e3e,10165,assignment_3_logistic_regression.Rmd,,,,,
./mata/applied_statistics_2/assignment_3/assignment_3_logistic_regression.docx,96a4e759f1a73ee32a8ff9c7072a75007ef9692cbe2c2626a7c8d25dd337db87,25277,assignment_3_logistic_regression.docx,,,,,
./mata/maple/5_lists_sets_linear_algebra_1.mws,a36b4c025923f11f856b1b9d08850f7ca0ccd8212f790931c0d3051d4271537c,17663,5_lists_sets_linear_algebra_1.mws,,,,,
./mata/maple/1_introduction.mws,bdce26690f56a9d02d32e9435c8c21b5a28528669e80908e7de6b6354efff587,19036,1_introduction.mws,,,,,
./mata/maple/4_graphics.mws,de965d0d5064062bde705d6052163deafd8128228f89dfb8d4d4dc02170f3253,2289810,4_graphics.mws,,,,,
./mata/maple/3_calculus.mws,322faf950abc1527d490c263218287edf7899618277a1bde6e243785da7c830f,278414,3_calculus.mws,,,,,
./mata/maple/6_if_do.mws,40050c33f8b7c0adb230b1f3d2830688dfbef9af78bf03e1d2c4e5a046ba41a6,34553,6_if_do.mws,,,,,
./mata/maple/2_commands.mws,3499acf4d70b5f9aa87ba3dd71b2658b9a332b7f6044e976066cc12f50aebb59,14861,2_commands.mws,,,,,
./mata/maple/7_proc.mws,fd6a55a78799f7471b8a80f4c5d66372f7f9e2ed15f00a05b7714143aec9bb22,19543,7_proc.mws,,,,,
./mata/non_linear_systems/mp491_2020_2021_assignment_2.pdf,d3ecbbb7fec2dccff96edcd4afa453e72d3f4b93b7aa41e00dc9afb908bf75c6,60992,mp491_2020_2021_assignment_2.pdf,,,,,
./mata/non_linear_systems/mp491_2020_2021_assignment_1.pdf,cc445d42672185c8857ae32002345c349236f929817cadd8db0fff05a1142d9b,60668,mp491_2020_2021_assignment_1.pdf,,,,,
./mata/non_linear_systems/exam_papers/2019_2020_MP91.pdf,c180c0419de762bad92b33af5074a4d341e80d6a7b93552160c3a3f2e0af395c,1881475,2019_2020_MP91.pdf,,,,,
./mata/non_linear_systems/exam_papers/2012_2013_MP491_1_1_2.PDF,de39c5a0c8cad62e6b4391720e016fe511871b934ca208f36532d886ceacb918,64620,2012_2013_MP491_1_1_2.PDF,,,,,
./mata/non_linear_systems/exam_papers/2013_2014_MP491_1_1_2.PDF,b82cb9f545b5763f09492e8c170644918c5f2d7b5b9827d1c74dd95f633d90b6,104314,2013_2014_MP491_1_1_2.PDF,,,,,
./mata/non_linear_systems/exam_papers/2015_2016_MP491_1_1_2.PDF,67f53cab6d3ab1345d569805b655c98579bb511f69070286a1f871ce5567d241,59818,2015_2016_MP491_1_1_2.PDF,,,,,
./mata/non_linear_systems/exam_papers/2014_2015_MP491_1_1_2.PDF,8a8fda49e425bf757c18616b96cd1221762e8e67c45cc3a51b77e431f82055cc,54735,2014_2015_MP491_1_1_2.PDF,,,,,
./mata/non_linear_systems/exam_papers/2020.pdf,9281325a187845d20b1bfbc2b10493df369d92b5c672940e4b8b708399b2acf7,721180,2020.pdf,,,,,
./mata/non_linear_systems/exam_papers/MP491-Summer-2020-21.pdf,ff55641d611c25bec7c675d41b57227efd2a1ecad41eb67604b8c5b3c1b89082,116886,MP491-Summer-2020-21.pdf,,,,,
./mata/non_linear_systems/exam_papers/2a2020.jpg,209a6b2a1ac148814d9e8153010f89e783de5970c683da33efafe033eed07d77,427942,2a2020.jpg,,,,,
./mata/non_linear_systems/exam_papers/2017_2018_MP491_1_1_2.PDF,c68e485ce90c857a4fa052f122baa076ca7ab68a6935bf782e4bbe7ddd74f8f4,131806,2017_2018_MP491_1_1_2.PDF,,,,,
./mata/non_linear_systems/exam_papers/2018_2019_MP491_1_1_2.PDF,45e5d0dba0acf6cd090ec201e53fe889f1bd1c23eb3f16efab66a72afae0642c,166272,2018_2019_MP491_1_1_2.PDF,,,,,
./mata/non_linear_systems/exam_papers/2016_2017_MP491_1_1_2.PDF,5a9af3315f784af6d900c5329cfcc1f575451569844d51dd9e49171d126a3d65,110894,2016_2017_MP491_1_1_2.PDF,,,,,
./mata/non_linear_systems/exam_papers/2011_2012_MP491_1_2_3.PDF,a94c683e2a9a9ce36d5c4f4c2b395c18b1f0f3151038f432939ac8aed29db581,309141,2011_2012_MP491_1_2_3.PDF,,,,,
./mata/non_linear_systems/summer_exam_11476078_cian_mac_liathain.pdf,b6cd25febd7f41d8115c62f53b3c2e19b79d3702932c601d2b42073c3082e490,9652569,summer_exam_11476078_cian_mac_liathain.pdf,,,,,
./mata/non_linear_systems/mp491_non_linear_systems.pdf,a1d598b86bcbc5214a7f8f02f4ae488d5e335c1e0c540d02bb5eea99b5d3591b,46043195,mp491_non_linear_systems.pdf,,,,,
./mata/non_linear_systems/Readings/BAI2011_proceedings-libre-pp71-77.pdf,04c68420c860e7c82369d0919dc882992a9a25f6f0027733e7dd53d3b482dda7,125008,BAI2011_proceedings-libre-pp71-77.pdf,,,,,
./mata/non_linear_systems/Readings/okada1.pdf,dada73f3b8f2dda2cc5fa952949a058650b56db251783dcfcaaad8953e9f9d6b,1101977,okada1.pdf,,,,,
./mata/non_linear_systems/Tutorials/Sheets/Tutorial_Sheet2(1).pdf,aa1cdfb8543e35509705073597df3f0cc53531d69fcad5182b5f48b5ecfff09b,47287,Tutorial_Sheet2(1).pdf,,,,,
./mata/non_linear_systems/Tutorials/Sheets/Tutorial_Sheet3.pdf,4fcf5bc5171490a302625569747338f972799be244abb40639d1c25b8631651f,55933,Tutorial_Sheet3.pdf,,,,,
./mata/non_linear_systems/Tutorials/Sheets/Tutorial_sheet1.pdf,08e31650372f83481ef9604fd3b8f1e4601ec3e52e0d611e309650f3edf80965,63148,Tutorial_sheet1.pdf,,,,,
./mata/non_linear_systems/Tutorials/Sheets/Tutorial_Sheet5.pdf,6faddf23bbde255f722793ff4cd762696304e95f356bb4577afdc476b1d20a2e,62379,Tutorial_Sheet5.pdf,,,,,
./mata/non_linear_systems/Tutorials/Sheets/Tutorial_Sheet4(1).pdf,6f8c309bb67c09c7b491fef85bcc037a37b2cbe727332a3cbf364d12ac42d621,64005,Tutorial_Sheet4(1).pdf,,,,,
./mata/non_linear_systems/Tutorials/Sheets/Tutorial_Sheet3(1).pdf,4fcf5bc5171490a302625569747338f972799be244abb40639d1c25b8631651f,55933,Tutorial_Sheet3(1).pdf,,,,,
./mata/non_linear_systems/Tutorials/Solutions/HamiltonianSystem.pdf,d748921080292358bf876fae223fca6bbb2296401401340f591c182e4fd8a265,1229481,HamiltonianSystem.pdf,,,,,
./mata/non_linear_systems/Tutorials/Solutions/MP491PS3_Solutions2021.pdf,b17953661fd1970693845b604a7c600817935ca4503598d340eb249d2081302a,886593,MP491PS3_Solutions2021.pdf,,,,,
./mata/non_linear_systems/Tutorials/Solutions/Hopf_Bifurcation_Example.pdf,97ec31397df0f08879b0ada8ca95540bf444ca30d222de3dd5af70ef11eb5f53,513099,Hopf_Bifurcation_Example.pdf,,,,,
./mata/non_linear_systems/Tutorials/Solutions/MP491PS4_Solutions_Partial.pdf,767a9205d800d9b28adfdaf19a0890356cdeb43d0281408bc3f1b0c07c517704,836205,MP491PS4_Solutions_Partial.pdf,,,,,
./mata/non_linear_systems/Tutorials/Solutions/MP491PS2_Solutions2021.pdf,127cbc07e38e1caaf1be4d73d48b3d7b51bb3bb9b250332421a4a7949a555c92,1467339,MP491PS2_Solutions2021.pdf,,,,,
./mata/non_linear_systems/Tutorials/Solutions/MP491PS4_Solutions2021.pdf,0bf340ad65083606a143b30c73eacf55f53d7530ca670dac63fdd98bcaefb033,1112471,MP491PS4_Solutions2021.pdf,,,,,
./mata/non_linear_systems/Tutorials/Solutions/MP491PS1_Solutions2021(1).pdf,2d41262528f691d8efe0e8eee2c2cd66909ddb08885da78f4a6da1c50a476273,216307,MP491PS1_Solutions2021(1).pdf,,,,,
./mata/non_linear_systems/Tutorials/Solutions/DeltaTauPlane.pdf,5cd959bbadeff0dde800b4b1a084f93ad1c295ce2754fdbb2ff2ad611e96699a,428933,DeltaTauPlane.pdf,,,,,
./mata/non_linear_systems/Tutorials/Solutions/MP491PS5_Solutions2021.pdf,58bf0d693024445dcf7173ed64dacb5fcbb1793d480d7fd2f56c7850c1558b31,607808,MP491PS5_Solutions2021.pdf,,,,,
./mata/non_linear_systems/my_marks_2021_mp491_non_linear_systems.pdf,066d3fbeb337d283e8c5f32930d68b9d144edabfeee57501597c1800670d7ccd,82324,my_marks_2021_mp491_non_linear_systems.pdf,,,,,
./mata/non_linear_systems/cian_mac_liathain_assignment_2.pdf,6fbe894900201862052952faa27bf6d48dc69679140ee993a0d20c0d73bfcd52,39755435,cian_mac_liathain_assignment_2.pdf,,,,,
./mata/non_linear_systems/cian_mac_liathain_assignment_1.pdf,c66f6bd69f01795a3c14f0fa80de0d8d0dc07d25b5c52118dcb4c7d7a5db9ddb,6120735,cian_mac_liathain_assignment_1.pdf,,,,,
./mata/non_linear_systems/Syllabus.pdf,e57ae8734528287ec6dfa3559300b2e1587e3ec85c40e8b353b61ab2c1bf1d09,67337,Syllabus.pdf,,,,,
./mata/stokes_workshop_game_physics.pdf,d8fa1c83db6d4f174d43e2907d5496b0a4eecaa6cfa7b5102299f655abbee9eb,3025735,stokes_workshop_game_physics.pdf,,,,,
./mata/networks/networks_summer_exam_2021.pdf,1219996000cf1d074d047703b9be100d900e5cd4605fa1a89c34d5fa54c5e0f4,175181,networks_summer_exam_2021.pdf,,,,,
./mata/networks/cian_mac_liathain_exam.pdf,fa7a0cf8394c71e56f55442d5384eae1bdf28a421aec10ade8d8e1646130172a,19460957,cian_mac_liathain_exam.pdf,,,,,
./mata/networks/cian_mac_liathain_assignment_5.pdf,5ddd8008db5b0a7436f165a5a7b6b87284cb4572f5f481ce73804d17c8b2f1a2,210536,cian_mac_liathain_assignment_5.pdf,,,,,
./mata/networks/cian_mac_liathain_assignment_4.pdf,bd61e6af7b093edef404ab4f77a99e41b83368acf9d203d03411365a7721750b,169594,cian_mac_liathain_assignment_4.pdf,,,,,
./mata/networks/cian_mac_liathain_assignment_3.pdf,7cbf262fdc588c0209a93d5bd1c2828764d4c4c5d0425cf145ca6d06b019b067,425963,cian_mac_liathain_assignment_3.pdf,,,,,
./mata/networks/cian_mac_liathain_assignment_2.pdf,f390250fe57a4d37b2e8a7728cfbfd70a34f71464b4b5a91ff66a9f8f907d313,553769,cian_mac_liathain_assignment_2.pdf,,,,,
./mata/networks/cian_mac_liathain_assignment_1.pdf,d0fa65eb106fc6cc96d32e2b6bffa3df693bf57a37c37994b76cd70b97979baf,295226,cian_mac_liathain_assignment_1.pdf,,,,,
./mata/modelling_2/lab1_cian_mac_liathain.pdf,2f95c66c2e51f0d50511da99aee6b2cbc35f919fe93a59d36659caade4a48c4f,229987,lab1_cian_mac_liathain.pdf,,,,,
./mata/modelling_2/lab3_discrete_population_models.pdf,045413bacfc3ebc4de4a66f781fa99572f3fd4cdf04068bce166a0da3c8cd2fc,2425498,lab3_discrete_population_models.pdf,,,,,
./mata/modelling_2/exam_papers/2009_2010_MP307_1_1_2.PDF,23dc87ea8a5dc1849bd4225227be6212c7fe488c92153516c3056d3160fc181a,72263,2009_2010_MP307_1_1_2.PDF,,,,,
./mata/modelling_2/exam_papers/2010_2011_MP307_1_1_2.PDF,1a1e9fe22937dc182761100133a674d2e12d056ae480296ac1bce8d4bb746b7a,87789,2010_2011_MP307_1_1_2.PDF,,,,,
./mata/modelling_2/exam_papers/2013_2014_MP307_1_1_2.PDF,ca6f024657503b5f8fb95c74918430c0e4911b53e090ad1bbb8128a89885df9d,60461,2013_2014_MP307_1_1_2.PDF,,,,,
./mata/modelling_2/exam_papers/Past/2018-2019/IMG_0513.png,17eca63209c7211fbf327230c5ad0257ef31f240fc867b5e9790e515d57a6b4d,871094,IMG_0513.png,,,,,
./mata/modelling_2/exam_papers/Past/2018-2019/IMG_0512.png,92c1864a0489a1fc17469b70b8ebcb5ef0dc6b0583a933c2c1214f30b9ebb0e5,1048647,IMG_0512.png,,,,,
./mata/modelling_2/exam_papers/Past/2018-2019/IMG_0510.png,cdd5e8ad69d74c4fba1775ec9215695f6b364d7c67c035a8b70ce9b24dddce9c,1151045,IMG_0510.png,,,,,
./mata/modelling_2/exam_papers/Past/2018-2019/IMG_0511.png,427febf7e306932112da23038636ae4773c7aa75df088c86d5d229474960089f,854976,IMG_0511.png,,,,,
./mata/modelling_2/exam_papers/Past/2018-2019/IMG_0515.png,bfd992c3319d7e3450a0a4025058efb8e3e1f8126b11f78a56f004557f0d2396,789381,IMG_0515.png,,,,,
./mata/modelling_2/exam_papers/Past/2018-2019/IMG_0514.png,8f7bae259de8937d37d4a17db0657d191a1e8b97e9db16c3a6ae00b7352244df,1117078,IMG_0514.png,,,,,
./mata/modelling_2/exam_papers/Past/2018-2019/IMG_0516.png,65a48a82bbfc8dc691bf5b7905f2c373ace5c784adda8a11bc2008084b0e2b6f,987795,IMG_0516.png,,,,,
./mata/modelling_2/exam_papers/Past/2018-2019/IMG_0517.png,0973d4f74246399c034d5b1465be35018de42a56e5c1009aa38ed52701ad9f27,747366,IMG_0517.png,,,,,
./mata/modelling_2/exam_papers/Past/2018-2019/IMG_0519.png,54ffee8f1fc58f20bd9f9e95b8231234f86f46291d122262dc2205db97d34973,1178561,IMG_0519.png,,,,,
./mata/modelling_2/exam_papers/Past/2018-2019/IMG_0518.png,cd46c19f30071eadda81309a5f899673225b113847f0cf106acf15dc89d11b0d,955062,IMG_0518.png,,,,,
./mata/modelling_2/exam_papers/Past/2018-2019/IMG_0524.png,adaf844e557d533b251443a6a218615c9c1020774e8dd9322418de33f27e6ace,807172,IMG_0524.png,,,,,
./mata/modelling_2/exam_papers/Past/2018-2019/IMG_0520.png,721086f99ad25e4c2bb8cc17df4c4de6230d840a10dafe8e7b62163dfe37b1b8,1053373,IMG_0520.png,,,,,
./mata/modelling_2/exam_papers/Past/2018-2019/IMG_0521.png,c8cf00fc67533f4be5f4f4d22444ef7705ed61eb3d3498fb355b18585677cac9,1107046,IMG_0521.png,,,,,
./mata/modelling_2/exam_papers/Past/2018-2019/IMG_0509.png,6bac02d1e794345d0cacd057245ef5a88ed7bb3fd8aa61034266182a694b15bd,901523,IMG_0509.png,,,,,
./mata/modelling_2/exam_papers/Past/2018-2019/IMG_0523.png,b9dc50272fe0ff338d8bbf6a01555a4d4cddbf8b3a439cf38b76fcf6b1cd2db0,1105831,IMG_0523.png,,,,,
./mata/modelling_2/exam_papers/Past/2018-2019/IMG_0522.png,17c68762d5341f6d947dfd80916671163fc4552186175a753261f8e714f110e6,875075,IMG_0522.png,,,,,
./mata/modelling_2/exam_papers/Past/2019-2020/19-20Modelling(1).pdf,2c20b47c171a5ed334f2b592429bfb465bc870a9b94018df6b2186a985396bab,2450388,19-20Modelling(1).pdf,,,,,
./mata/modelling_2/exam_papers/Past/2017-2018.pdf,bab1b2212857ea6f8b12809b785a8b2c60bbc99e579e4e3d45c386c060d64792,1356777,2017-2018.pdf,,,,,
./mata/modelling_2/exam_papers/Past/SinéadNotes2.pdf,29eaa740dd9c967f959924dc51a4535b53c78bb14a298ca7a061478a6c1d28d2,1703446,SinéadNotes2.pdf,,,,,
./mata/modelling_2/exam_papers/Past/2017-2018/IMG_0507.png,748a78d8b2c3040f0357d79aa8c209ad7b47d928f206db6384b5ebea8506a3c9,849707,IMG_0507.png,,,,,
./mata/modelling_2/exam_papers/Past/2017-2018/IMG_0498.png,49ce53485003b6e7f2ba4e8a9afcaa1e34b7041a28277cadc1a2f7b8becb0911,981715,IMG_0498.png,,,,,
./mata/modelling_2/exam_papers/Past/2017-2018/IMG_0499.png,2ab84f3172c3dfeb984d87b34cad57d60c81f037381496061df2a77393b6703f,960035,IMG_0499.png,,,,,
./mata/modelling_2/exam_papers/Past/2017-2018/IMG_0506.png,1f71823c91c074046c1862b6e8eb5c8ca00c86a00d6a3e75b9a5b117263a51cb,1164936,IMG_0506.png,,,,,
./mata/modelling_2/exam_papers/Past/2017-2018/IMG_0504.png,6a776698a4c22c376cc1836ae2e3a8e08203dff8828858f4e0924fd33895405c,1219830,IMG_0504.png,,,,,
./mata/modelling_2/exam_papers/Past/2017-2018/IMG_0505.png,49326674adde152db04a98ccbd82d219ea15e91cd4f5c9ff971c58757bb5b6c0,1001298,IMG_0505.png,,,,,
./mata/modelling_2/exam_papers/Past/2017-2018/IMG_0501.png,042b81136832757063853280e39c7b34a85c9bb52a3779dd2d5a3bd3f40e6395,994367,IMG_0501.png,,,,,
./mata/modelling_2/exam_papers/Past/2017-2018/IMG_0500.png,3cdb68bf5ba50f295181b630cf3228d838b5e06cd3218a9255ca99e14bcd4812,771011,IMG_0500.png,,,,,
./mata/modelling_2/exam_papers/Past/2017-2018/IMG_0502.png,27de24af0da935f77eb49b076fd35d9041ee259393ed0b938bda99f96000f370,1113953,IMG_0502.png,,,,,
./mata/modelling_2/exam_papers/Past/2017-2018/IMG_0503.png,499509d802ba6535753dfa108567d1dc5405d16674d0466961c3e8a6accc4af4,834239,IMG_0503.png,,,,,
./mata/modelling_2/exam_papers/Past/2017-2018/IMG_0508.png,337b5d70264ad0c19107b9f0e870f136ab93d48f5d9892fa185f0396350f13d3,1018913,IMG_0508.png,,,,,
./mata/modelling_2/exam_papers/Past/2017-2018/IMG_0497.png,8b48b778d6b94b777593da27c5b079d707a806cc714572f286416f6e92064ea1,1200065,IMG_0497.png,,,,,
./mata/modelling_2/exam_papers/Past/2017-2018/IMG_0496.png,ca7cd135c222ce699c82453046599cde6de17fffa61daf8cd83a8739cfb26b08,899965,IMG_0496.png,,,,,
./mata/modelling_2/exam_papers/2011_2012_MP341_1_1_2.PDF,37c19dc23ba1f9961ce0b18dbb2e9ddff02bea8aee9aa6a9eb06151718fb555d,267388,2011_2012_MP341_1_1_2.PDF,,,,,
./mata/modelling_2/exam_papers/2008_2009_MP307_1_1_2.PDF,aac81b092181e75fb61766961430cd0586c6ca51fbf3603b9529f8fd091fe586,64325,2008_2009_MP307_1_1_2.PDF,,,,,
./mata/modelling_2/exam_papers/2010_2011_MP307_1_2_3.PDF,bc61ca234b5ed41da6cf9d3ddf476f8f1dee54df7b32021669092021427e76f1,149778,2010_2011_MP307_1_2_3.PDF,,,,,
./mata/modelling_2/exam_papers/2014_2015_MP341_1_1_2.PDF,3b46282fd888d1c43fac410be581e5d3a4e9d1489973b7179efadf6714803985,70452,2014_2015_MP341_1_1_2.PDF,,,,,
./mata/modelling_2/exam_papers/2018_2019_MP307_1_1_2.PDF,8d4d6bc191c3167735b65403d82c1645eed02f48041d56605929f820e2cd43ea,142530,2018_2019_MP307_1_1_2.PDF,,,,,
./mata/modelling_2/exam_papers/2019-20Paper.pdf,f0c5e14fffd9a6541ce35f97f62a4fb28853466136ed8186ac3e883cc6fe4cd7,1362023,2019-20Paper.pdf,,,,,
./mata/modelling_2/exam_papers/2015_2016_MP341_1_1_2.PDF,bd15a82ecd4dcc2b8c53ac73718322ef38741139f38cf220bf7dc5dbb15a98f0,67462,2015_2016_MP341_1_1_2.PDF,,,,,
./mata/modelling_2/exam_papers/2016_2017_MP307_1_1_2.PDF,6709cde3049cd2f7dedc8abbea97af8c00060e735d0d68efe8b02a456f78fe3d,142366,2016_2017_MP307_1_1_2.PDF,,,,,
./mata/modelling_2/exam_papers/2012_2013_MP341_1_1_2.PDF,dee4fa0b0ff4eed5bc15c7726595a613877a0ac2d1a44ab570fcbdd8c9a08508,129418,2012_2013_MP341_1_1_2.PDF,,,,,
./mata/modelling_2/exam_papers/2017_2018_MP307_1_1_2.PDF,fa746a0538a0b26d5bf3eede67557f73f9d59160aeec0d5abe62fd996cc11977,150531,2017_2018_MP307_1_1_2.PDF,,,,,
./mata/modelling_2/my_marks_2021_mp307_modelling_ii.pdf,ecb850bc31ba1283bf317d20c869413bfe5346dddef284b37afb2c9b328edcbd,83114,my_marks_2021_mp307_modelling_ii.pdf,,,,,
./mata/modelling_2/lab2_cian_mac_liathain.pdf,99960f2cfc3ea60e5e799660dc799c15e09854b7b0ce3e962e9ab0de29fef368,1072547,lab2_cian_mac_liathain.pdf,,,,,
./mata/modelling_2/modelling_2.pdf,246321cc2dab96a7276e596560148150024cf12dae0c6afb7d6ceebb95aa12d6,4181187,modelling_2.pdf,,,,,
./mata/modelling_2/lab4_cian_mac_liathain.pdf,4a78bd692e7422560b348b7c3e84e535159f673eb3cbf361698ee1fa8fca6582,1686463,lab4_cian_mac_liathain.pdf,,,,,
./mata/modelling_2/Practicals/lab4_continuous_population_models.ipynb,3a0c8e33844631bdb9f42925f126bddede090bb503383a0594945ebeb6174deb,1927672,lab4_continuous_population_models.ipynb,,,,,
./mata/modelling_2/Practicals/Untitled.ipynb,4a62b68a633d79c53a6fd8893e8ea42dcf2b9a8a3e907b1b9861661f04f21517,72,Untitled.ipynb,,,,,
./mata/modelling_2/Practicals/lab2_queue.ipynb,3fdb8445eea1410f5044807fdef0d378308a6cb0c5324a7d342ca94c6399d8be,1031112,lab2_queue.ipynb,,,,,
./mata/modelling_2/Practicals/lab3_discrete_population_models.ipynb,29d6a6c7cc24686e37f8d7d69cd75b28f7039b93ec6e7842224427c325dd376c,2711985,lab3_discrete_population_models.ipynb,,,,,
./mata/modelling_2/Practicals/lab1_queue.ipynb,dc46c8f50d40d11fb34c0b2312d21225ada184e094fe0b69ef5dd331a7ae1eb8,62504,lab1_queue.ipynb,,,,,
./mata/modelling_2/Practicals/lab1_queue-Copy1.ipynb,37eb10750013ca587a02ce9bb659abce0953d7a9433e17807f021febbc2f7163,60632,lab1_queue-Copy1.ipynb,,,,,
./mata/cs402_cryptography/cs402.py,c3807f0a61dc9194e10da5fefea0a4f780611dc0c1be6d8d7a11450ae5b2a3cf,11919,cs402.py,,,,,
./mata/cs402_cryptography/A2Q2-2.jpg,5ad713d18e377aeeeedb9f71b86e62995a27a459031c902c79913562bf8d4250,641595,A2Q2-2.jpg,,,,,
./mata/cs402_cryptography/2016_2017_CS402_1_1_2.PDF,7ca0556e7808c8eb626df20c6b77bd8d88d3c7f14be0c99dd37d787be636e439,78299,2016_2017_CS402_1_1_2.PDF,,,,,
./mata/cs402_cryptography/Untitled1.ipynb,de8d005f7e8c494dd8cd54cc1ee16c772de8b4e2afced9ca5185f95c1982a36b,3423,Untitled1.ipynb,,,,,
./mata/cs402_cryptography/lecture-22.pdf,b48b62ebb545590d1e27456e510ca9cdb2008df54c145239cc0fa57381d87854,324871,lecture-22.pdf,,,,,
./mata/cs402_cryptography/2018_2019_CS402_1_1_2.PDF,d3e2c37d7f3b29a61831911174bcf12339a7033a18e41c81a08c6bc596c6f102,357859,2018_2019_CS402_1_1_2.PDF,,,,,
./mata/cs402_cryptography/primality.pdf,d0a328e09e2bf7007cafa059d3c3aa736022fec621dc4a2c81c96b38547a9e37,268455,primality.pdf,,,,,
./mata/cs402_cryptography/Untitled.ipynb,9af038b51dea11d1aa8e510b89045ed8af767290921111ffac7efb0d3e61b992,2106,Untitled.ipynb,,,,,
./mata/cs402_cryptography/a2q2-cipher6.txt,9a0aedf3d898a453d26570c0f4f28904e755c8a25157ddc54e0ac85f0ab5fa20,5628,a2q2-cipher6.txt,,,,,
./mata/cs402_cryptography/Elliptic_curves_over_the_real_numbers_-_slides.pdf,7471b726df5b9004ae3846ffd30cca1b62c779a343565bd6d9d3117e73bfa01d,6079706,Elliptic_curves_over_the_real_numbers_-_slides.pdf,,,,,
./mata/cs402_cryptography/exam_papers/2016_2017_CS402_1_1_2.PDF,7ca0556e7808c8eb626df20c6b77bd8d88d3c7f14be0c99dd37d787be636e439,78299,2016_2017_CS402_1_1_2.PDF,,,,,
./mata/cs402_cryptography/exam_papers/2018_2019_CS402_1_1_2.PDF,d3e2c37d7f3b29a61831911174bcf12339a7033a18e41c81a08c6bc596c6f102,357859,2018_2019_CS402_1_1_2.PDF,,,,,
./mata/cs402_cryptography/exam_papers/2017_2018_CS402_1_1_2.PDF,330fe7790f4f4581fd7a91b9b899482e64397d8e9a4e3c851e27895e1836be7f,200157,2017_2018_CS402_1_1_2.PDF,,,,,
./mata/cs402_cryptography/2017_2018_CS402_1_1_2.PDF,330fe7790f4f4581fd7a91b9b899482e64397d8e9a4e3c851e27895e1836be7f,200157,2017_2018_CS402_1_1_2.PDF,,,,,
./mata/cs402_cryptography/Parmar--Cryptography_and_number_theory--UROP2019.pdf,1183f7112d84edb771f3cd833dd58af1f6c39d35483bb3c15a2d14eb9fc71efe,447789,Parmar--Cryptography_and_number_theory--UROP2019.pdf,,,,,
./mata/cs402_cryptography/IntroToCrypto.pdf,1872b9467b74502bf24fc00364c5c20b5fc0f1b00b93eff8a7bf3ac8173b2515,3689389,IntroToCrypto.pdf,,,,,
./mata/cs402_cryptography/cs402_summer_2019_2020.pdf,b8a5e634ebe2a9712483b7029272a17c90b769cbe0ff635e36a709f570e72862,483086,cs402_summer_2019_2020.pdf,,,,,
./mata/cs402_cryptography/Lectures/lecture-18.pdf,c5c272ddd9fd7d6b3dec0ec2d7440f856afad70470f041539b2af4f3e9969bf0,1404378,lecture-18.pdf,,,,,
./mata/cs402_cryptography/Lectures/lecture-19.pdf,5c0cacbc1aeeb63d3b01a84c584a6ee8a5df262b7ae226c43b7a34b36b94c44a,1137727,lecture-19.pdf,,,,,
./mata/cs402_cryptography/Lectures/lecture-14b.pdf,f1041a14d8cdd72f9477453e1ec403f459a7c995fada91efda02b692c728af4f,108696,lecture-14b.pdf,,,,,
./mata/cs402_cryptography/Lectures/lecture-15b.pdf,d31fb5c3f204647fd48eefaf84e643adcdb633f6ae859258cdbf22d90a20c987,103788,lecture-15b.pdf,,,,,
./mata/cs402_cryptography/Lectures/lecture-23.pdf,414a702ec166cddffac8084a5f977e6209301aba44854d014e6a8962829154b7,144680,lecture-23.pdf,,,,,
./mata/cs402_cryptography/Lectures/lecture-09.pdf,2480d42d2d065805254f667e195d06e27f74e950210fb6176345cc8f939e7d5c,1032402,lecture-09.pdf,,,,,
./mata/cs402_cryptography/Lectures/lecture-21.pdf,3dd36ef21dcd458071eb11a215ac85df42adc4d96c671698d364a27870e907f3,1702795,lecture-21.pdf,,,,,
./mata/cs402_cryptography/Lectures/lecture-20.pdf,ebacc75d33cb939c83030448e4161b14abc47d88bd3a80097f9af0abaf311794,1481725,lecture-20.pdf,,,,,
./mata/cs402_cryptography/Lectures/lecture-08.pdf,5d96112b32e8871701e58cac04043a823e736b43f34de99223666e2bf624ea13,774802,lecture-08.pdf,,,,,
./mata/cs402_cryptography/Lectures/lecture-12b.pdf,f1210899364f8a7d5bcf02cd25b55078a8563310bfeaafc3c306b2eae87ec7d8,106705,lecture-12b.pdf,,,,,
./mata/cs402_cryptography/Lectures/lecture-11.pdf,0e841c0fb224750442e01bef76769e699e41611430ce462b34f2623ea289a9cc,715603,lecture-11.pdf,,,,,
./mata/cs402_cryptography/Lectures/lecture-05.pdf,543cc58789c835f2d160eb9df8ef7ed807f32412f2bc20132aeea97546f262fa,722481,lecture-05.pdf,,,,,
./mata/cs402_cryptography/Lectures/lecture-04.pdf,107834cb154f72143dd7eaaef3d806dbf0911db4fcff52466456ecaf2a988df7,722978,lecture-04.pdf,,,,,
./mata/cs402_cryptography/Lectures/lecture-10.pdf,fddade030edec6400077cdd1ef438ce125a159279e387f9faf37e3d544f59adc,1050930,lecture-10.pdf,,,,,
./mata/cs402_cryptography/Lectures/lecture-06.pdf,034fdfca1eb3049c5fb76b3444f9e40d46f542528ca7e426a25375196e2dfd57,82010,lecture-06.pdf,,,,,
./mata/cs402_cryptography/Lectures/lecture-12.pdf,5660affea9da0670641260278942aaa9612f359f03074604663b3fd45d3f556f,414014,lecture-12.pdf,,,,,
./mata/cs402_cryptography/Lectures/lecture-13.pdf,38676e031efe6d21a552784d2eebf3f357c7c7a3e3055c80ddb3f48807a8317a,1952551,lecture-13.pdf,,,,,
./mata/cs402_cryptography/Lectures/lecture-07.pdf,1eda8ceeab82fd0f52d87cabfda8c3df3785a5ea18dab16e3b422db79ec9616f,139961,lecture-07.pdf,,,,,
./mata/cs402_cryptography/Lectures/lecture-03.pdf,27ce6d4991a81678bec97ba1a484ac1e6d3b10d61136a37f49945326aef4fb0e,668878,lecture-03.pdf,,,,,
./mata/cs402_cryptography/Lectures/lecture-17.pdf,341624d7ca7ef4f11099c84430c9889a040a74a6dc7e249a4b88e885975b511c,1959593,lecture-17.pdf,,,,,
./mata/cs402_cryptography/Lectures/lecture-02.pdf,13358176552fb3df87558ac13d0f0af70a8b0134c64c404e4cb5da03929eb7fb,635811,lecture-02.pdf,,,,,
./mata/cs402_cryptography/Lectures/lecture-14.pdf,60c2d1ecc994f29c3cec8c84084c6956f2e3c7b7a03261b70f1352a06532062c,512722,lecture-14.pdf,,,,,
./mata/cs402_cryptography/Lectures/lecture-01.pdf,b6a706f38bc192dfd8116060f1db141281f789fa26dae039edd279a1dca34e11,832154,lecture-01.pdf,,,,,
./mata/cs402_cryptography/Lectures/lecture-15.pdf,b31deddeb16ca63d4d16924e90b58e91938408c32590cf28f3dc2e0c4a96c48b,1301543,lecture-15.pdf,,,,,
./mata/cs402_cryptography/problems.pdf,15387c32b32d020c8b9ac6cbbfe51a7509ff854d53c238e47410c050fac55df3,190139,problems.pdf,,,,,
./mata/cs402_cryptography/ElGamal_cryptosystem_slides.pdf,1c571325455a93c4490ec2308b2b9f647b59fb7860aea553d72b120a1d0f7c4e,2754480,ElGamal_cryptosystem_slides.pdf,,,,,
./mata/cs402_cryptography/EllipticCurves.pdf,45458ca590b25a7d2a49d464f12366d3b9edd9960da344045b1de02c8b5fe535,221129,EllipticCurves.pdf,,,,,
./mata/applied_statistics_1/applied_statistics_report/report7_cian_mac_liathain.Rmd,eb63c06166f083043ae8acdbc47f85cc8f091455542892c03e1165c2542b806a,4847,report7_cian_mac_liathain.Rmd,,,,,
./mata/applied_statistics_1/applied_statistics_report/report5_cian_mac_liathain.Rmd,796408f798685b7e223446590e3c9976d9540b44c0be38e5dc1bde39d0aaacc3,6606,report5_cian_mac_liathain.Rmd,,,,,
./mata/applied_statistics_1/applied_statistics_report/report3_cian_mac_liathain.Rmd,ff22dba6e5c5fc9ea8e3c65c18ea53ff819873a6c5d95e1c68655507072c250a,7630,report3_cian_mac_liathain.Rmd,,,,,
./mata/applied_statistics_1/applied_statistics_report/report9_cian_mac_liathain.Rmd,f329aaee12a2042d87ea5517b177c665398ed03951abb6672b9295f4ffceb6f4,4519,report9_cian_mac_liathain.Rmd,,,,,
./mata/applied_statistics_1/applied_statistics_report/report2_cian_mac_liathain.docx,1f3ae66b3d8f84ffd573b8a6eb9e137e5a6296cd3716191be3cfe40ecaed84b1,30580,report2_cian_mac_liathain.docx,,,,,
./mata/applied_statistics_1/applied_statistics_report/report8_cian_mac_liathain.docx,179551432b38534e184be0b8fd0ea4b0deef564e3e2831cbdb76780b77535680,193828,report8_cian_mac_liathain.docx,,,,,
./mata/applied_statistics_1/applied_statistics_report/report6_cian_mac_liathain.Rmd,8d922c55aa1a8cc842c6fbc947bf9f4b3c8363812086a68600fa1fd54841ea12,9394,report6_cian_mac_liathain.Rmd,,,,,
./mata/applied_statistics_1/applied_statistics_report/report1_cian_macliathain.Rmd,8bda2b1cd6b74ddbae904407033f999ec9c21e59f9a3707648cd8be610947d80,4164,report1_cian_macliathain.Rmd,,,,,
./mata/applied_statistics_1/applied_statistics_report/report5_cian_mac_liathain.docx,a0f9ddb257e815f338d8772b7ce20292909c57dc12b604e0168d2a41b3958f86,82165,report5_cian_mac_liathain.docx,,,,,
./mata/applied_statistics_1/applied_statistics_report/report6_cian_mac_liathain.docx,acbdf92eea29c7aa1f676d1e96b3e0ed80a1d9ebe16ad4c14f5c15883bc70121,182675,report6_cian_mac_liathain.docx,,,,,
./mata/applied_statistics_1/applied_statistics_report/report4_cian_mac_liathain.Rmd,1c2c9702f4350830a2d5cca5197d5da58507361371665a5ac52fa7e0e262c7d2,3342,report4_cian_mac_liathain.Rmd,,,,,
./mata/applied_statistics_1/applied_statistics_report/report2_cian_mac_liathain.Rmd,c478a4cc7939ae69ab786f2aea6169ae626645b88bdd4f2c722dfcf471b68c0e,6775,report2_cian_mac_liathain.Rmd,,,,,
./mata/applied_statistics_1/applied_statistics_report/report7_cian_mac_liathain.docx,47365f011f4211c5485577861d8fc9c72c7db1330c9570ac8f5493538f4c2f1d,98526,report7_cian_mac_liathain.docx,,,,,
./mata/applied_statistics_1/applied_statistics_report/report4_cian_mac_liathain.docx,c7bc7fcf9d7a9e746c3360b92bf3b2781c1ff1af6fb9c3f5be89d3e4ae96b013,29618,report4_cian_mac_liathain.docx,,,,,
./mata/applied_statistics_1/applied_statistics_report/report9_cian_mac_liathain.docx,21ba286db604b54188fe2e608fce3326a552390d2e0ab847eee0572ac0471ced,59485,report9_cian_mac_liathain.docx,,,,,
./mata/applied_statistics_1/applied_statistics_report/report3_cian_mac_liathain.docx,4cbcfa3b3e7d4097fb852cea6cc7f79aac2e77d78a06637b03b36755cca207c0,132809,report3_cian_mac_liathain.docx,,,,,
./mata/applied_statistics_1/applied_statistics_report/report1_cian_macliathain.docx,a5f923fac7f0703b51b07a54435b0a9d296c117b98462d76f3f06e882d0da881,242280,report1_cian_macliathain.docx,,,,,
./mata/applied_statistics_1/applied_statistics_report/report8_cian_mac_liathain.Rmd,b51cde830c4d978ad082f5e143d8bad75583c975cbd428ac5fcf12d9a10fad88,4309,report8_cian_mac_liathain.Rmd,,,,,
./mata/applied_statistics_1/rstudio-IDE-cheatsheet.pdf,3dfc150956a80c1b29baef1fe7ba8d8939a6cb5d6bb5ae484df7ca7729e27c93,3583068,rstudio-IDE-cheatsheet.pdf,,,,,
./mata/applied_statistics_1/installed_previously.csv,8f0a2e33d5d662a4d0dcce925ed1ec3efdd8a0a45952d55f39334faa4b0653c4,62442,installed_previously.csv,,,,,
./mata/applied_statistics_1/exam_papers/2017_2018_ST311_1_1_5.PDF,6aff9f5a393c1da9fc96dd86c661e9ec503aee32194aa0af2f1cab2171c9763e,1887089,2017_2018_ST311_1_1_5.PDF,,,,,
./mata/applied_statistics_1/exam_papers/2014_2015_MA5103_1_2_3.PDF,765a33aa93a078097860eb740165a6110c23470f8d0df9af25c4a843287ffee0,1728943,2014_2015_MA5103_1_2_3.PDF,,,,,
./mata/applied_statistics_1/exam_papers/2016_2017_ST311_1_1_5-2.PDF,8bab9d7d25dfffbe301e3fcdbb9b944a1c76238619cf40fdc6f5058d8188b817,1899284,2016_2017_ST311_1_1_5-2.PDF,,,,,
./mata/applied_statistics_1/exam_papers/2016_2017_ST311_1_1_5.PDF,8bab9d7d25dfffbe301e3fcdbb9b944a1c76238619cf40fdc6f5058d8188b817,1899284,2016_2017_ST311_1_1_5.PDF,,,,,
./mata/applied_statistics_1/exam_papers/2018_2019_ST311_1_1_5.PDF,588189b263cdfd13e0dd7204fcb2378eea41397d2d0d3c9d714cf245918806a1,1909583,2018_2019_ST311_1_1_5.PDF,,,,,
./mata/applied_statistics_1/exam_papers/2019_2020_ST311_1_1_5.PDF,ff545310a69cb1a7f8ab32764b8d94fa715fbf1d60587cf94d164dadcfeed537,875863,2019_2020_ST311_1_1_5.PDF,,,,,
./mata/applied_statistics_1/exam_papers/2015_2016_ST311_1_2_3.PDF,eecb95e662ef4f4b41e1aca89bd21179d7600e43504bd892755fcbcd00127b3a,1682210,2015_2016_ST311_1_2_3.PDF,,,,,
./mata/applied_statistics_1/exam_papers/2015_2016_ST311_1_1_5.PDF,4cce85305d1f2aa4a263fa758c26b2bd8e2e14c9fbfdf50e56c1779240c86c51,1681573,2015_2016_ST311_1_1_5.PDF,,,,,
./mata/applied_statistics_1/exam_papers/2013_2014_ST311_1_1_5.PDF,e60c0eca4c94b0a8accaeb3ad7f9f1cffa7b706102eddbf35f7ed5c7bb6aa896,2112662,2013_2014_ST311_1_1_5.PDF,,,,,
./mata/applied_statistics_1/independent-group-t-tests.pdf,80f7d2a6144e780b10e47a761aaa605616e0cdb81940e4aafb9bd4573d675f52,964959,independent-group-t-tests.pdf,,,,,
./mata/applied_statistics_1/quizzes/8_multiple_linear_regression_quiz.pdf,7ee8f73ec26b68098106e214f4c4096d9e9a130c29d0c3eba16e82acf0f76e97,138433,8_multiple_linear_regression_quiz.pdf,,,,,
./mata/applied_statistics_1/quizzes/5_correlation_analysis_quiz.pdf,37e23d217d7b83982ff2926f3fa57dd2c758ecf9ae202d4313981f6b3055e7ce,101809,5_correlation_analysis_quiz.pdf,,,,,
./mata/applied_statistics_1/quizzes/9_multiple_linear_regression_indicator_variables_quiz_2.pdf,ae7995db4c8f1361e0f51fca1f0c6b4c93b0152bc5266bee4d8c7df4618b5c7f,164773,9_multiple_linear_regression_indicator_variables_quiz_2.pdf,,,,,
./mata/applied_statistics_1/quizzes/4_wilcoxon_rank_sum_test_quiz.pdf,67a68f3292316def8adf7cee3fdd747f007fdf9e7a5f61e5e2048f798c8ab212,136296,4_wilcoxon_rank_sum_test_quiz.pdf,,,,,
./mata/applied_statistics_1/quizzes/10_variable_selection_quiz_2.pdf,dbf6e79de65d06ef8df24f4fe26fa2d778f892bdde167c0d7ce207ca964d8c21,108811,10_variable_selection_quiz_2.pdf,,,,,
./mata/applied_statistics_1/quizzes/6_7_simple_linear_regression_mechanics_quiz.pdf,5ee324a3873afac1f0643449f6078c4c7c732b77a9c2ba8503dbb7318b8f9740,207154,6_7_simple_linear_regression_mechanics_quiz.pdf,,,,,
./mata/applied_statistics_1/quizzes/11_model_diagnostics_quiz.pdf,0ca5f6d1886f919a530129e0c8f8b693d5311ebe2f583d220b72c989a8ba95b3,218395,11_model_diagnostics_quiz.pdf,,,,,
./mata/applied_statistics_1/quizzes/3_sign_test.pdf,3ec1f90b968933ff92cd50b753acdd23dbde6703fc64f76a09b82a2b0b854971,143027,3_sign_test.pdf,,,,,
./mata/applied_statistics_1/quizzes/10_variable_selection_quiz.pdf,dbf6e79de65d06ef8df24f4fe26fa2d778f892bdde167c0d7ce207ca964d8c21,108811,10_variable_selection_quiz.pdf,,,,,
./mata/applied_statistics_1/quizzes/9_multiple_lienar_regression_qualitative_predictors_1.pdf,2ff578aab1a8e613fea9b8badbab8af62bd17038bd49a8fea97347cb0263be4b,340007,9_multiple_lienar_regression_qualitative_predictors_1.pdf,,,,,
./mata/applied_statistics_1/recap_assignment/recap_questions.pdf,353dc8c7d113baccbb26489596473567caa1afb4585cd268e5aeb9adbe1a5af6,1369708,recap_questions.pdf,,,,,
./mata/applied_statistics_1/recap_assignment/review_recap_assignment.pdf,4c625597c6a4d9f5a9069473528a441d2f9007c3c85014769ed1af46fdc57a35,1177331,review_recap_assignment.pdf,,,,,
./mata/applied_statistics_1/recap_assignment/recap_solutions.pdf,f3caf2ea71985af4bdb15c53d171280f59947dd03674878acf923e038252159e,187652,recap_solutions.pdf,,,,,
./software_development/software_engineering_1/se_exam_prep_cian.pdf,ae3edf376b90ec8478d884b2e06990fb120ee511a6453626ec792d537e600068,6399691,se_exam_prep_cian.pdf,,,,,
./software_development/software_engineering_1/software_engineering_past_exams/software_eng18_19.PDF,903f143e0c91a5c517b1e068c4719f088e583b3c1a32883991a219f16737c504,74371,software_eng18_19.PDF,,,,,
./software_development/software_engineering_1/software_engineering_past_exams/software_eng13_14.PDF,52190c94eb5f54a36777c751bac6becde0b36df388380061a303501fa47bef8c,114107,software_eng13_14.PDF,,,,,
./software_development/software_engineering_1/software_engineering_past_exams/software_eng15_16.PDF,6acba92e7ebe0cd6b88a8405ea9b97967a35ee8fc731b214c955fbce6e3817e0,65386,software_eng15_16.PDF,,,,,
./software_development/software_engineering_1/software_engineering_past_exams/software_eng19_20.PDF,adf9f92210406f8e0fe1b1ca583c9d9465611160424ede6deaa3421f2edbcacc,104962,software_eng19_20.PDF,,,,,
./software_development/software_engineering_1/software_engineering_past_exams/software_eng17_18.PDF,641ba717c3d90d23b16146fa5cfa8a65969e28b4190f486c0c58711da35569d2,75133,software_eng17_18.PDF,,,,,
./software_development/software_engineering_1/software_engineering_past_exams/software_eng16_17.PDF,028630e5de2c964a6fe89a190d99287b807c0e7db8a2b0e5088f73d4e46cc5ad,69202,software_eng16_17.PDF,,,,,
./software_development/software_engineering_1/software_engineering_past_exams/software_eng14_15.PDF,31b9a0a44bcbb6dcefec8057fe2958d2402f386eea418a2fdd17b1a1a300b47a,67170,software_eng14_15.PDF,,,,,
./software_development/ct861_computer_architecture_and_operating_systems/assignment_1/ct861_assignment_1_report.docx,95a7bdf3693d33ad7cc0bc101199375b0ba36979f2e760f5901156792ffc8e30,14118,ct861_assignment_1_report.docx,,,,,
./software_development/ct861_computer_architecture_and_operating_systems/assignment_1/ct861_assignment_1.pdf,a70693a8d830ae7f4a52ab4b0b87e8135701eaf7cd2988851b489a1a7236041f,117842,ct861_assignment_1.pdf,,,,,
./software_development/ct861_computer_architecture_and_operating_systems/assignment_1/problem4.mas,cb1c18b1db18a06dfd488f59704f71d10d10bdf4761e9bd71456346e7c36bf33,4539,problem4.mas,,,,,
./software_development/ct861_computer_architecture_and_operating_systems/assignment_1/problem2.mas,3a7050b9da0e7117a109abf5f5ff8ac994f0d2695157d9f5e3c8412c9d74266a,543,problem2.mas,,,,,
./software_development/ct861_computer_architecture_and_operating_systems/assignment_1/problem3.mas,74dffa22407632941c40bcd134080b81ed5bdc439713619f3ca762e52546ca39,590,problem3.mas,,,,,
./software_development/ct861_computer_architecture_and_operating_systems/computer_architecture_os_past_exams/computer_architecture_os_18_19.PDF,eb854384613acee2cf1a2fb37c84f5e350895f7d7fc122216c9fae9122d2c8d2,233497,computer_architecture_os_18_19.PDF,,,,,
./software_development/ct861_computer_architecture_and_operating_systems/computer_architecture_os_past_exams/computer_architecture_os_11_12.PDF,c173263dc590220e860ad14a3506dd7b804b3f30300a6e653d68e03ea0551872,33261,computer_architecture_os_11_12.PDF,,,,,
./software_development/ct861_computer_architecture_and_operating_systems/computer_architecture_os_past_exams/computer_architecture_os_13_14.PDF,a823509fd7f16415a107ba84fa77f5c40dad4ae0bfa72acddfb11d7bc459b4f9,514041,computer_architecture_os_13_14.PDF,,,,,
./software_development/ct861_computer_architecture_and_operating_systems/computer_architecture_os_past_exams/computer_architecture_os_15_16.PDF,7a6969b603e44f6bef009ac82b9e3a1e8a6d20b399fc9ec601cbdc0d5be6106d,21672,computer_architecture_os_15_16.PDF,,,,,
./software_development/ct861_computer_architecture_and_operating_systems/computer_architecture_os_past_exams/computer_architecture_os_12_13.PDF,c7a345d320e2ad1fff7a4e1f8a47cd71b68d079a7ea661af04109766aab8a85f,147527,computer_architecture_os_12_13.PDF,,,,,
./software_development/ct861_computer_architecture_and_operating_systems/computer_architecture_os_past_exams/computer_architecture_os_17_18.PDF,2ca449fadc6283d7bacb8c437692c5e94b9c66b0aa8045ae984c2899ebc82530,292108,computer_architecture_os_17_18.PDF,,,,,
./software_development/ct861_computer_architecture_and_operating_systems/computer_architecture_os_past_exams/computer_architecture_os_19_20.PDF,1fec9f4b70c6d56bc979c23400ea06a4ee3408b2d9e7f250f9ad8441da0effd3,234612,computer_architecture_os_19_20.PDF,,,,,
./software_development/ct861_computer_architecture_and_operating_systems/computer_architecture_os_past_exams/computer_architecture_os_16_17.PDF,3aa97c33ea60bb512f1d3b9bfffba9fdf8904627f6a681c6dce0494770726934,32897,computer_architecture_os_16_17.PDF,,,,,
./software_development/ct861_computer_architecture_and_operating_systems/computer_architecture_os_past_exams/computer_architecture_os_14_15.PDF,836d9cf4d98a6b924866f5c5930f84156dafaf9a2850a19420f9a84b112dc54e,286329,computer_architecture_os_14_15.PDF,,,,,
./software_development/ct861_computer_architecture_and_operating_systems/athbhreithni_caos.pdf,74c51c35df3fcdf40982289f4608d1278a9e777e5a595bf699938caec03070ca,5051730,athbhreithni_caos.pdf,,,,,
./software_development/ct861_computer_architecture_and_operating_systems/assignment_2/ct861_assignment_2.pdf,2b36b9790012d736f0895e59fd14527fd11c4d25f1d8377faae6ebb90b3bb8b7,510728,ct861_assignment_2.pdf,,,,,
./software_development/ct861_computer_architecture_and_operating_systems/assignment_2/ping1.pcapng,58a4881f4b35870bdb3f638e252545611297d786e573e445c838e43f787d514e,3344,ping1.pcapng,,,,,
./software_development/ct861_computer_architecture_and_operating_systems/assignment_2/capture1.pcapng,e7079e3781524ab8a84aebd99876a60e61ddcc78fc4a0119a6f20a70e72c03ff,6352,capture1.pcapng,,,,,
./software_development/ct861_computer_architecture_and_operating_systems/assignment_2/ct861_assignment_2_report.docx,15b45539f268db5d7f7543d59d457e1249550a9e6ca9db69cdf6b949698fd949,217976,ct861_assignment_2_report.docx,,,,,
./software_development/ct545_enterprise_java_programming/assignment_1/ct545_2022_assignment1.pdf,4fa9aa74abc2955944d4a947b006aa3f830d9d7cfb0fffd6380e35f2282c78af,181858,ct545_2022_assignment1.pdf,,,,,
./software_development/ct545_enterprise_java_programming/assignment_1/assignment1_cian_mac_liath_in/src/question3/number_int.java,ddf7dbf3f429de6cb52d64804e0ac94b41b040e6bcc15e0e0ccd791079b7722c,233,number_int.java,,,,,
./software_development/ct545_enterprise_java_programming/assignment_1/assignment1_cian_mac_liath_in/src/question3/geometric_figure3.java,f0b889f61803b9f05c0c98c50cb91e2598cc96f14efbd496aad7e4437a2a3014,552,geometric_figure3.java,,,,,
./software_development/ct545_enterprise_java_programming/assignment_1/assignment1_cian_mac_liath_in/src/question3/number_double.java,eb62c87e93b1ffb76f417cd60a8a3e6c821051709af1fb9f0715862e53ccfebf,245,number_double.java,,,,,
./software_development/ct545_enterprise_java_programming/assignment_1/assignment1_cian_mac_liath_in/src/question3/number.java,64f0d96184f72bf0013551c9277a5d77c2f06d187ed00fa7c73cadf0998d9584,720,number.java,,,,,
./software_development/ct545_enterprise_java_programming/assignment_1/assignment1_cian_mac_liath_in/src/question3/generic_circle.java,d6f5b8fdfa9105b987fb67729087b917ee8aa313c6a6580836a3398d0aa214b1,719,generic_circle.java,,,,,
./software_development/ct545_enterprise_java_programming/assignment_1/assignment1_cian_mac_liath_in/src/question2/geometric_figure2.java,8e039427a84e6be436214b670646f79ca19af7ec543916c16b4467118e937135,527,geometric_figure2.java,,,,,
./software_development/ct545_enterprise_java_programming/assignment_1/assignment1_cian_mac_liath_in/src/question2/octagon.java,cb0567559e800f952335a6b29f534bd946412b07d9ed6617373db2ff65ff1cb7,2359,octagon.java,,,,,
./software_development/ct545_enterprise_java_programming/assignment_1/assignment1_cian_mac_liath_in/src/question2/console_io.java,9b6c9dd1a1d166007d1a8a98a17b045d7faac4756feb1ec7a7fc9e915dd611df,158,console_io.java,,,,,
./software_development/ct545_enterprise_java_programming/assignment_1/assignment1_cian_mac_liath_in/src/question2/comparable_geometric_figure.java,86c3d6d652117b03759d3b07a56d29f7b61bed752e8ba797b437dced76c0a350,271,comparable_geometric_figure.java,,,,,
./software_development/ct545_enterprise_java_programming/assignment_1/assignment1_cian_mac_liath_in/src/question1/worker.java,9f19b6630d04d947d740b117a4aba31e89768a569ee9db6763ec061ed27f8ac1,2246,worker.java,,,,,
./software_development/ct545_enterprise_java_programming/assignment_1/assignment1_cian_mac_liath_in/src/question1/workaholic.java,f087163bd658f88d548dda299a42e3910c8709decd3ba7ce2a9ebe9189f96226,1725,workaholic.java,,,,,
./software_development/ct545_enterprise_java_programming/assignment_2/assignment2_cian_mac_liath_in/buyer.java,6520bc983928d44733c5ebcdd6ad3bdc425657ade6bb7b6f717648d00745bf79,4598,buyer.java,,,,,
./software_development/ct545_enterprise_java_programming/assignment_2/assignment2_cian_mac_liath_in/sample_output.txt,a32045fcb5c0601043f3ca4fa2961f485accbb0ef343f33915ba42fc33cbcf88,23725,sample_output.txt,,,,,
./software_development/ct545_enterprise_java_programming/assignment_2/assignment2_cian_mac_liath_in/car_showroom.java,ec4aee8e0c6f5fd96510cccf31e648e7bbae16e3ba30a96cc2482a62d8905a80,2356,car_showroom.java,,,,,
./software_development/ct545_enterprise_java_programming/assignment_2/assignment2_cian_mac_liath_in/seller.java,c9fcd9b38a4e2b418c802cbf83f7ec9b177b0c431cfbf77404c967db83bd6fff,2497,seller.java,,,,,
./software_development/ct545_enterprise_java_programming/assignment_2/assignment2_cian_mac_liath_in/main.java,911d6dc006005c2510b1726a066c614d374fbc901eedcbe7dca2ec39b6559cf1,2326,main.java,,,,,
./software_development/ct545_enterprise_java_programming/assignment_2/assignment2_cian_mac_liath_in/car.java,19c9f190c413e752581510aadf0bfcc1ad08b7e5efe47120b411b81715ea1d85,2179,car.java,,,,,
./software_development/ct545_enterprise_java_programming/assignment_2/ct545_2022_assignment2.pdf,9e1f55c1080567a1981ad453e720085b3ba34f1524f870d6b00634a313877fd0,129358,ct545_2022_assignment2.pdf,,,,,
./software_development/ct545_enterprise_java_programming/assignment_3/ct545_2021_assignment3.pdf,5331eac4fc72e0b4fa85f5734cfcf63f74d36f047c75512549af11d244035c03,202778,ct545_2021_assignment3.pdf,,,,,
./software_development/ct545_enterprise_java_programming/assignment_3/assignment3_cian_mac_liath_in.zip,25a10c105f4452879efbc3484c1a153b9cdd3212872efdb7f2b5f840ea3dbd10,481309,assignment3_cian_mac_liath_in.zip,,,,,
./software_development/ct545_enterprise_java_programming/assignment_4/ct545_enterprise_java_programming_assignment_no_4.pdf,5bc7f41c1f2e925ee0d59cf658ea987ecbcb70ad15160751cb356ee559c6a2f0,120893,ct545_enterprise_java_programming_assignment_no_4.pdf,,,,,
./software_development/ct870_internet_programming/assignment_1/ct870_assignment_1.iml,60952a9904cdee5e1e1ecb8047be3af116f253239e7aceb3aebfe0d2c5ee0f7e,296,ct870_assignment_1.iml,,,,,
./software_development/ct870_internet_programming/assignment_1/.firebaserc,8f340fa235402e634f9b2b1e478987e77e40ec06ed048aa0a8d74ccccd90788e,66,.firebaserc,,,,,
./software_development/ct870_internet_programming/assignment_1/public/index.html,15783828adda6b3e9cdd88744cdf77a5e96f3650be738f2db437ba113f7f1397,5799,index.html,,,,,
./software_development/ct870_internet_programming/assignment_1/public/images/hermione_granger.jpg,2caffe82604e68eb228966a5a49e09d3144716b66ecddee238f3276108360146,1047582,hermione_granger.jpg,,,,,
./software_development/ct870_internet_programming/assignment_1/public/images/quidditch_club_logo.png,b78cca203f996052862a5fe1e380614e9a302dcde85327980462e3cd1465a5f7,99715,quidditch_club_logo.png,,,,,
./software_development/ct870_internet_programming/assignment_1/public/images/ron_weasley.jpg,5656ac97b55d129718cde0143a674234d5948ee449ea05d81dcd8194076c7431,11855,ron_weasley.jpg,,,,,
./software_development/ct870_internet_programming/assignment_1/public/images/s_amus_finnegan.jpg,326b3be45a1e48c4892902dedd1e829961f17581e0dc764cc54e289a2cbdb33f,71948,s_amus_finnegan.jpg,,,,,
./software_development/ct870_internet_programming/assignment_1/public/images/harry_potter.png,53b620ffc7cb699287164aae37b2a2e3e3338f83b32040186b7ca63b13084b5f,22330,harry_potter.png,,,,,
./software_development/ct870_internet_programming/assignment_1/public/404.html,b77b97fe780d35d18248abd1d2f42f444afbabe43f6abcd8fa8ebb3d47825eee,1808,404.html,,,,,
./software_development/ct870_internet_programming/assignment_1/public/stylesheets/style.css,704ffc6092618dbd5738129d97f7e35210e240ba7d7c9b32d2712ea9aab35d1d,763,style.css,,,,,
./software_development/ct870_internet_programming/assignment_1/.gitignore,23c1deec181a9fdcbbf10e54926222bace457f89365b7705408416d5c6e44a84,1166,.gitignore,,,,,
./software_development/ct870_internet_programming/assignment_1/firebase.json,13dacf66734f78ed8d1225c7730c3092dc6d16c1646476542e264b72ba3add7d,134,firebase.json,,,,,
./software_development/ct870_internet_programming/assignment_2/.firebaserc,a0dc249dff30a3df044d2096056ac84d8c68e3400f9ef429365bea2e673e42b5,60,.firebaserc,,,,,
./software_development/ct870_internet_programming/assignment_2/public/index.html,f56caa89182f46ad3778e0f972343634068ba39d05a07965f675b3172c927d26,9443,index.html,,,,,
./software_development/ct870_internet_programming/assignment_2/public/images/hermione_granger.jpg,2caffe82604e68eb228966a5a49e09d3144716b66ecddee238f3276108360146,1047582,hermione_granger.jpg,,,,,
./software_development/ct870_internet_programming/assignment_2/public/images/quidditch_club_logo.png,b78cca203f996052862a5fe1e380614e9a302dcde85327980462e3cd1465a5f7,99715,quidditch_club_logo.png,,,,,
./software_development/ct870_internet_programming/assignment_2/public/images/ron_weasley.jpg,5656ac97b55d129718cde0143a674234d5948ee449ea05d81dcd8194076c7431,11855,ron_weasley.jpg,,,,,
./software_development/ct870_internet_programming/assignment_2/public/images/s_amus_finnegan.jpg,326b3be45a1e48c4892902dedd1e829961f17581e0dc764cc54e289a2cbdb33f,71948,s_amus_finnegan.jpg,,,,,
./software_development/ct870_internet_programming/assignment_2/public/images/harry_potter.png,53b620ffc7cb699287164aae37b2a2e3e3338f83b32040186b7ca63b13084b5f,22330,harry_potter.png,,,,,
./software_development/ct870_internet_programming/assignment_2/public/404.html,b77b97fe780d35d18248abd1d2f42f444afbabe43f6abcd8fa8ebb3d47825eee,1808,404.html,,,,,
./software_development/ct870_internet_programming/assignment_2/public/stylesheets/style.css,118b83b6f3d5cf500215a2743730df0e6905d76c41dbec7b68e962ce286d2c61,562,style.css,,,,,
./software_development/ct870_internet_programming/assignment_2/.gitignore,23c1deec181a9fdcbbf10e54926222bace457f89365b7705408416d5c6e44a84,1166,.gitignore,,,,,
./software_development/ct870_internet_programming/assignment_2/firebase.json,13dacf66734f78ed8d1225c7730c3092dc6d16c1646476542e264b72ba3add7d,134,firebase.json,,,,,
./software_development/ct870_internet_programming/assignment_3/.firebaserc,cabeb347d38eff19bd0f17aaed590057c2390314ab69e0297fe6902a1446daa2,60,.firebaserc,,,,,
./software_development/ct870_internet_programming/assignment_3/public/index.html,9be2d14049033e0398cc354a4299868a47300c6a56347d76107e31a4efe2f83a,14972,index.html,,,,,
./software_development/ct870_internet_programming/assignment_3/public/images/hermione_granger.jpg,2caffe82604e68eb228966a5a49e09d3144716b66ecddee238f3276108360146,1047582,hermione_granger.jpg,,,,,
./software_development/ct870_internet_programming/assignment_3/public/images/quidditch_club_logo.png,b78cca203f996052862a5fe1e380614e9a302dcde85327980462e3cd1465a5f7,99715,quidditch_club_logo.png,,,,,
./software_development/ct870_internet_programming/assignment_3/public/images/ron_weasley.jpg,5656ac97b55d129718cde0143a674234d5948ee449ea05d81dcd8194076c7431,11855,ron_weasley.jpg,,,,,
./software_development/ct870_internet_programming/assignment_3/public/images/s_amus_finnegan.jpg,326b3be45a1e48c4892902dedd1e829961f17581e0dc764cc54e289a2cbdb33f,71948,s_amus_finnegan.jpg,,,,,
./software_development/ct870_internet_programming/assignment_3/public/images/harry_potter.png,53b620ffc7cb699287164aae37b2a2e3e3338f83b32040186b7ca63b13084b5f,22330,harry_potter.png,,,,,
./software_development/ct870_internet_programming/assignment_3/public/404.html,b77b97fe780d35d18248abd1d2f42f444afbabe43f6abcd8fa8ebb3d47825eee,1808,404.html,,,,,
./software_development/ct870_internet_programming/assignment_3/public/stylesheets/style.css,edbbc00c067650f6f496eeb9970649685645f90cb30356107e4b2a8ac227bc3a,931,style.css,,,,,
./software_development/ct870_internet_programming/assignment_3/.gitignore,23c1deec181a9fdcbbf10e54926222bace457f89365b7705408416d5c6e44a84,1166,.gitignore,,,,,
./software_development/ct870_internet_programming/assignment_3/firebase.json,158684d58c1cb5b3c5e3fa4df8552a63878b4a337fd4b40e92d12f870234bee0,236,firebase.json,,,,,
./software_development/ct511_databases/assignment_1/group_assign.docx,5a1b08a6c174a011f8e7a5b63bf9e7b7877cf39e19a25efbfee004876be40af9,16527,group_assign.docx,,,,,
./software_development/ct511_databases/assignment_1/ct511_databases_ca1_finished.docx,982288a6a93f3248fcfce71e426ad303784f70e43e3f7ba1e51d23b37f7aabeb,2437454,ct511_databases_ca1_finished.docx,,,,,
./software_development/ct511_databases/sql_test/sql_test_cian.docx,8b9d56c889071766752bfe8a26e14fe5bb26385ba6fd0ba289f434b5ec5fe228,4141248,sql_test_cian.docx,,,,,
./software_development/ct511_databases/sql_test/sql_ca_2021.pdf,0fdff1a5c7306c0a00063b6fd47de9968369163d1ef7cd40c28a2cb1f110f9b2,1671362,sql_ca_2021.pdf,,,,,
./software_development/ct511_databases/Databases_Past_Exams/databases19_20.PDF,a0c1fecdce0ecd957fc6ed9726e839d1ae6d48faf4af17c6ced7277f5d088ec9,471218,databases19_20.PDF,,,,,
./software_development/ct511_databases/Databases_Past_Exams/databases15.PDF,78535d0f27159151ee40a847d2665985300119b32170720c6d8c48ae001edf51,421296,databases15.PDF,,,,,
./software_development/ct511_databases/Databases_Past_Exams/databases17.PDF,e01deba6d0a74e7c981e4e6b84f4361606d4fcd44434e438bdea5614ccebd8de,215872,databases17.PDF,,,,,
./software_development/ct511_databases/Databases_Past_Exams/databases16.PDF,2476fa92064372319026d2ab3e9918e5b838360d6f93e46dadb7c54884f8087a,195647,databases16.PDF,,,,,
./software_development/ct511_databases/Databases_Past_Exams/databases14_15.PDF,7b80d8499b0a85ec3cb3793305402b9f3ffdab3b5e3583defc2da4739ecb0550,25010,databases14_15.PDF,,,,,
./software_development/ct511_databases/Databases_Past_Exams/databases13_14.PDF,3e1891d58fe9eb88bfc8e6c7b0be0e321d4bde29edc7cdf9d9f56c8f435981d8,29456,databases13_14.PDF,,,,,
./software_development/ct511_databases/Databases_Past_Exams/databases18.PDF,d8ccbef9fc9229a775d6e24a59d2108cd71a8fda2cd1919326dcf179fc980f8d,596380,databases18.PDF,,,,,
./software_development/ct511_databases/assignment_2/databases_ca2_3.docx,95284b96831e42b258b37d8a751b5a9f94172c2f93c2d0abf71e09ce6d066248,588751,databases_ca2_3.docx,,,,,
./software_development/ct511_databases/assignment_2/eerd_ca2_3.pdf,1db29e55a9491969d8695b10f1dc44b9e1c3d5dfbea2d18ce0f91ca97ef99913,82707,eerd_ca2_3.pdf,,,,,
./software_development/ct853_algorithmics/q4.java,bb15e039d447587b0bde35bbb732d5eecc5bdc5d4c2a045194be3ec201218a9d,3618,q4.java,,,,,
./software_development/ct853_algorithmics/algorithms-2.jpg,19536123bc1285f8273b66f05e9e54ebea7df297b218aed1220099c7ea1436b4,528119,algorithms-2.jpg,,,,,
./software_development/ct853_algorithmics/algorithms-3.jpg,785800beef97522fda2d4e0d5c32d70670c41680ca97ba4d8126d77e504dfb2e,699721,algorithms-3.jpg,,,,,
./software_development/ct853_algorithmics/AlgorithmsAssignment2021.pdf,e39852a22c011373d392b068b8c3e911ead16cf41770c3c281bbe9d572c9a2ae,177919,AlgorithmsAssignment2021.pdf,,,,,
./software_development/ct853_algorithmics/Assignment_Template.docx,5faece691b9b569a27f2157eda1845daa57d00c8a9b1141516259c65e2d5d32a,97961,Assignment_Template.docx,,,,,
./software_development/ct853_algorithmics/q2.java,78022f9a025efe66dc9e376bcc282597d5c44a8944a5035d984e8986760c5a32,4306,q2.java,,,,,
./software_development/ct853_algorithmics/q3.java,f0c6f61e1e1a42183760b1ba91e0f42e49b074191b881a0129ecdc48427eae3b,2028,q3.java,,,,,
./software_development/ct853_algorithmics/ct853_assignment_cian_mac_liath_in_gif_will_play_in_this_format.docx,48e86040063d995d7846e51589236b0964aa3e9adc58212b0bcfc3508f04eaf4,2601351,ct853_assignment_cian_mac_liath_in_gif_will_play_in_this_format.docx,,,,,
./software_development/ct853_algorithmics/mergesort.gif,bf3c8233954d602d7ad1ccd456923aedfd40d009ae24704f9704de14276e9476,1558028,mergesort.gif,,,,,
./software_development/ct853_algorithmics/q1.java,fc960c00c9a50858057018b72c8c96b08d0e2cda3ca1a54eb8e77b46d75a9910,2757,q1.java,,,,,
./software_development/ct853_algorithmics/0.pdf,6181b1fc0878722560e44c9183c5362e699add090b35a2eecac6f6d8e17dfcbf,332453,0.pdf,,,,,
./software_development/ct853_algorithmics/Algorithmics_Logical_Past_Exams/Algorithmics_LogicalMethods_10_11.PDF,21d8e78eb439be77869d034a968da4b6152543b88198e198bb34f733b21f139e,18811,Algorithmics_LogicalMethods_10_11.PDF,,,,,
./software_development/ct853_algorithmics/Algorithmics_Logical_Past_Exams/Algorithmics_LogicalMethods_09_10_autumn.PDF,544c04b40d20f4072ad72acfbf1b7c96148fd83205c76955dd4a211883e104c0,216815,Algorithmics_LogicalMethods_09_10_autumn.PDF,,,,,
./software_development/ct853_algorithmics/Algorithmics_Logical_Past_Exams/Algorithmics_LogicalMethods_12_13.PDF,50e0af08069626cfc8b2024a7751622176de50ccccae49396eb66ee031a77e76,46141,Algorithmics_LogicalMethods_12_13.PDF,,,,,
./software_development/ct853_algorithmics/Algorithmics_Logical_Past_Exams/Algorithmics_LogicalMethods_11.PDF,4798ded07bf7c51425c57e713847cd329e95f2cce08fb3b36e12c3752de33aa6,33474,Algorithmics_LogicalMethods_11.PDF,,,,,
./software_development/ct853_algorithmics/Algorithmics_Logical_Past_Exams/Algorithmics_LogicalMethods_11_autumn.PDF,cb22eddf4116f16646f1efff2a8c82ddd189169a13ba3173f509fdbf3333ecb3,59374,Algorithmics_LogicalMethods_11_autumn.PDF,,,,,
./software_development/ct853_algorithmics/Algorithmics_Logical_Past_Exams/Algorithmics_LogicalMethods_12_13_repeat.PDF,cffdbc4e10d1bcac7fb7f1f5d68e6927c405e48bf363bebdd661dee1134c854a,247631,Algorithmics_LogicalMethods_12_13_repeat.PDF,,,,,
./software_development/ct874_programming_1/internet_programming_past_exams/internet_programming13_14_sem2.PDF,13584ad695cacc9b93192c473a5c944a4a5482004ce5c013afc0955627d9f4ee,229006,internet_programming13_14_sem2.PDF,,,,,
./software_development/ct874_programming_1/internet_programming_past_exams/internet_programming18_19.PDF,40c2847ace82477bb9896f18deaf0f94c58b21d90b52a1389142b660b21c7fbd,135650,internet_programming18_19.PDF,,,,,
./software_development/ct874_programming_1/internet_programming_past_exams/internet_programming15_16.PDF,5d830004fb22c7298530cf3bf665f1adc57f6f1808afbab5a7473380d981de9c,93923,internet_programming15_16.PDF,,,,,
./software_development/ct874_programming_1/internet_programming_past_exams/internet_programming16_17_sem2.PDF,496b155f9745b0d5f375a45d630969731f6bd6a2c65d18f6f76c851956ef405c,68433,internet_programming16_17_sem2.PDF,,,,,
./software_development/ct874_programming_1/internet_programming_past_exams/internet_programming12_13.PDF,246d3508b73b6861e9da294c0c9c2c622107654f7aca9350de5dd3fc0074b8d6,348601,internet_programming12_13.PDF,,,,,
./software_development/ct874_programming_1/internet_programming_past_exams/internet_programming17_18.PDF,ddac3f16c052424073cb55eee99adaed4e290d30c827bd4a76fb32505c572968,133444,internet_programming17_18.PDF,,,,,
./software_development/ct874_programming_1/internet_programming_past_exams/internet_programming_14.PDF,fa395713c5cc4acdce88d71caf297a80f22992dd83b9bba04433cea72d1de4dc,191564,internet_programming_14.PDF,,,,,
./software_development/ct874_programming_1/internet_programming_past_exams/internet_programming19_20.PDF,72b0935f1aaa3cd8251fdade703ba4437a4a592f88b4f4e56b9ee1768c021240,189765,internet_programming19_20.PDF,,,,,
./software_development/ct874_programming_1/internet_programming_past_exams/internet_programming16_17.PDF,7e5a95982dca4dc8a6087d75858cf4c8e480b6e2837cc0e80202aba31a80dcb1,93255,internet_programming16_17.PDF,,,,,
./software_development/ct874_programming_1/internet_programming_past_exams/ct870_sem1_exam_2020_21.pdf,d4f5bd0a1b594a228bc4e559a553d8866915e2c460d87ee79964223f634992b6,335681,ct870_sem1_exam_2020_21.pdf,,,,,
./software_development/ct874_programming_1/internet_programming_past_exams/internet_programming14_15.PDF,195606d4c23cc779b98556189e7e26fbcafe451229a1630fa72f633b4c49e437,24416,internet_programming14_15.PDF,,,,,
./software_development/ct874_programming_1/internet_programming_past_exams/internet_programming14_15_sem2.PDF,54ec8b78034a5fbf78c07586910e3f591232ccb1f69b95821dc6d10121752024,68390,internet_programming14_15_sem2.PDF,,,,,
./software_development/ct874_programming_1/internet_programming_past_exams/internet_programming15_16_sem2.PDF,c1bb490ea40b18f0a48020002e1d24a9725d609c73817ce0b01a6be74b4328d5,69372,internet_programming15_16_sem2.PDF,,,,,
./software_development/ct874_programming_1/assignment_1/out/production/1sd3/assignment1_1.class,e0e84e680608406c443c32140f4382d6d862a0715c7b3becc8a3897e7d2112bc,1568,assignment1_1.class,,,,,
./software_development/ct874_programming_1/assignment_1/out/production/1sd3/tester.class,42660ca9a36b5523b826c1326d566e7eb7e43f7c10f2f5fb869c2338002d4d98,966,tester.class,,,,,
./software_development/ct874_programming_1/assignment_1/out/production/1sd3/student.class,4342ff72db3189689114733c0800969cf77225cc6a441feac851ed19d65272d3,1436,student.class,,,,,
./software_development/ct874_programming_1/assignment_1/assignment_1.iml,9ce2740ff4744597d558d5726560114387deb855de786bb620636fdfdf9514cc,423,assignment_1.iml,,,,,
./software_development/ct874_programming_1/assignment_1/src/11476078_c7874_assignment_1.zip,2fac3dba795742dcc51aaf9f9dd77c9db092ff85dafb348b38006baf4438a6d9,1475,11476078_c7874_assignment_1.zip,,,,,
./software_development/ct874_programming_1/assignment_1/src/tester.java,89b32c878314dcd23c879f7496e2827b4551c7742f31c9af56409788ed818e04,686,tester.java,,,,,
./software_development/ct874_programming_1/assignment_1/src/assignment1_1.java,0aa4930e40067f47cb138be31cd4bb3528445b1d231381038d9968190759a974,908,assignment1_1.java,,,,,
./software_development/ct874_programming_1/assignment_1/src/student.java,05cf9822dae2aa1d4a9afe930c93ce4fd1d8daca4449a051a4876fbf36bb06be,792,student.java,,,,,
./software_development/ct874_programming_1/assignment_6/programming_i_assignment_6.pdf,508fda07d085e10ccbed39a05af74a033a674fdeb0c14eef57141dcec57e90cd,120388,programming_i_assignment_6.pdf,,,,,
./software_development/ct874_programming_1/assignment_6/assignment_6_submission.pdf,69c01866a0bdbb44eeb735d59b39c14462b16ebf62bf6682f5c5a1494d2c378f,66230,assignment_6_submission.pdf,,,,,
./software_development/ct874_programming_1/assignment_6/out/production/assignment_6/driver.class,c6a088869137d39a0b4dd814b6c8293c0143b53012eeef471578e21c7ba95384,2288,driver.class,,,,,
./software_development/ct874_programming_1/assignment_6/out/production/assignment_6/circle.class,328773784c4c3f5e3b50ed9608d33dbde99972355f35aa035ee894dee399930e,1263,circle.class,,,,,
./software_development/ct874_programming_1/assignment_6/out/production/assignment_6/shapes.class,8377b47033e0811bb56569b36a5f850c7465af66e4954613f8fd9f907e47a1be,616,shapes.class,,,,,
./software_development/ct874_programming_1/assignment_6/out/production/assignment_6/shapes_relate.class,52404457f5c07cf00273416320cfb566778990ceec017a2e9270ce298c7c6fd5,149,shapes_relate.class,,,,,
./software_development/ct874_programming_1/assignment_6/out/production/assignment_6/rectangle.class,180c73581fa7b3873685387e4a4114f925876ebb0cfcc7213d5ad41078f928e5,1418,rectangle.class,,,,,
./software_development/ct874_programming_1/assignment_6/assignment_6.iml,9ce2740ff4744597d558d5726560114387deb855de786bb620636fdfdf9514cc,423,assignment_6.iml,,,,,
./software_development/ct874_programming_1/assignment_6/assignment_6.pdf,508fda07d085e10ccbed39a05af74a033a674fdeb0c14eef57141dcec57e90cd,120388,assignment_6.pdf,,,,,
./software_development/ct874_programming_1/assignment_6/src/driver.java,159dd7c519f74268bd05fcaa9db19972099b4844f7aea2c85796d286764ba52b,1067,driver.java,,,,,
./software_development/ct874_programming_1/assignment_6/src/shapes.java,353a5f41c914eac6ef5d11ef4582643e43226214089e6cb503e32a5791f22396,830,shapes.java,,,,,
./software_development/ct874_programming_1/assignment_6/src/circle.java,06fb84e35e8cdcba6d4a1b7ca049dbcb410812dbb19106c258ea0b4dcfef6814,1009,circle.java,,,,,
./software_development/ct874_programming_1/assignment_6/src/rectangle.java,90a94488daad1cfa5765acd608d0518b28f0c24f14436afa34a4a48d25feb65d,1244,rectangle.java,,,,,
./software_development/ct874_programming_1/assignment_6/src/shapes_relate.java,eea5a0d3233d63cb8ba71f176c3444f481fba6b7d826ef5e6659f532476db7dd,233,shapes_relate.java,,,,,
./software_development/ct874_programming_1/assignment_7/employee_info.dat,d89dae557545953a76254387c6bad76acb6ad8dba102f80e705ac7cf51ada4a6,735,employee_info.dat,,,,,
./software_development/ct874_programming_1/assignment_7/university_info.dat,b1b6976b26cec4a5f81b1df2fbb030bc46b0a1d7c66b491d180ab0f1e247a858,802,university_info.dat,,,,,
./software_development/ct874_programming_1/assignment_7/out/production/assignment_7/university.class,7601c04abd39ec26669fd6bd94588912d34b33994f68b6ee4ce3a4a4b224c8a6,2172,university.class,,,,,
./software_development/ct874_programming_1/assignment_7/out/production/assignment_7/university_discipline.class,de3bf951bafd9a86a764f9d6e4bc826666eddb242186789ed9ce82f2d63a91f7,1478,university_discipline.class,,,,,
./software_development/ct874_programming_1/assignment_7/out/production/assignment_7/driver.class,4619639ef86ce336ec32051ae854b068bc2ef79b4e34386dfc65d2b02ca0d109,3249,driver.class,,,,,
./software_development/ct874_programming_1/assignment_7/assignment_7.iml,9ce2740ff4744597d558d5726560114387deb855de786bb620636fdfdf9514cc,423,assignment_7.iml,,,,,
./software_development/ct874_programming_1/assignment_7/university_class.pdf,31baf5843bf89f86cb4ef103aa041c5e6c96ff9251053143f982337fe1397b33,52582,university_class.pdf,,,,,
./software_development/ct874_programming_1/assignment_7/assignment_7.pdf,db422a6469be5be8dcd7b47432bb3c29135ee2be9c664ecb95c4796487806c5e,107297,assignment_7.pdf,,,,,
./software_development/ct874_programming_1/assignment_7/driver_class.pdf,db9fbc9c9e57811687b0cee6ef3590d16e5c5e1022d862275ac71fab38c4bd84,56456,driver_class.pdf,,,,,
./software_development/ct874_programming_1/assignment_7/src/university.java,5d34bc1b7bdac1ad4faf102f9fce230bfcd6c27a97f4e59147ca7ded890ae794,2601,university.java,,,,,
./software_development/ct874_programming_1/assignment_7/src/driver.java,be1c49e3295e25ac374721d70a7f452b8d915e12d966670f2830990b929eaba4,3205,driver.java,,,,,
./software_development/ct874_programming_1/assignment_5/out/production/assignment_5/bikeshop/sales_employee.class,da559629c5dd579faca1776a3499991bbd547a8c02f07edb37921bd320063548,2175,sales_employee.class,,,,,
./software_development/ct874_programming_1/assignment_5/out/production/assignment_5/bikeshop/driver.class,3110c87ed878fe86386f882d3588419ecb4aadf70af0f83b6b8159d261e1d9b2,4586,driver.class,,,,,
./software_development/ct874_programming_1/assignment_5/out/production/assignment_5/bikeshop/sales_agent.class,8630268be6e1f8f4456f21953dc64315be89a0bcfc2f1aec5fd18d2479257c0a,669,sales_agent.class,,,,,
./software_development/ct874_programming_1/assignment_5/out/production/assignment_5/bikeshop/sales_person.class,faec35ee5b9b3748bd928f7ffaad9953039b538e8efade4f2d71547ea070de8e,672,sales_person.class,,,,,
./software_development/ct874_programming_1/assignment_5/assignment_5.iml,9ce2740ff4744597d558d5726560114387deb855de786bb620636fdfdf9514cc,423,assignment_5.iml,,,,,
./software_development/ct874_programming_1/assignment_5/programming_i_online_assignment_5.pdf,5fd1225e7110d967d82e2b74ea249ad8ee87f76bec199259bc6907896a20e610,82615,programming_i_online_assignment_5.pdf,,,,,
./software_development/ct874_programming_1/assignment_5/src/bikeshop/sales_person.java,ca980850acf160e8a2d12d71d8622489a55c005f249439fc6ab37e2bad380028,511,sales_person.java,,,,,
./software_development/ct874_programming_1/assignment_5/src/bikeshop/driver.java,ce40a4dd475718ba0b8fa43d6cbedde4f0fcc498575889d59a3334d0f48382b9,6447,driver.java,,,,,
./software_development/ct874_programming_1/assignment_5/src/bikeshop/sales_employee.java,d3ac8d108e9ca8910f50c205b82fdab68cb8191f1ad6117ef6b532b28ee0d5bf,2544,sales_employee.java,,,,,
./software_development/ct874_programming_1/assignment_5/src/bikeshop/sales_agent.java,7eef7e3d2a12a4c5d7df96c8ec55cf2f8095e8597d75ede0350499f78f6110e7,507,sales_agent.java,,,,,
./software_development/ct874_programming_1/assignment_2/programming_i_assignment_2.pdf,4f0c690dba7877a6c65106b7e3bc5c6e2a4ce92522b51b3dbc38f2b1f573a048,31151,programming_i_assignment_2.pdf,,,,,
./software_development/ct874_programming_1/assignment_2/assignment_2.iml,9ce2740ff4744597d558d5726560114387deb855de786bb620636fdfdf9514cc,423,assignment_2.iml,,,,,
./software_development/ct874_programming_1/assignment_2/src/person_tester.java,6f31032379c5a5394f4f9fa414026d6d2876f5e0ee8b630004be098544068518,781,person_tester.java,,,,,
./software_development/ct874_programming_1/assignment_2/src/temperature.java,bcb72132636529f1b06d479fd117c47c1cdf871fbbb8c614326beceadad29dc7,1339,temperature.java,,,,,
./software_development/ct874_programming_1/assignment_2/src/person.java,90efac74854ff578e83f64017f54aa9adcb26eb1a82df672153c8272c8842afc,1246,person.java,,,,,
./software_development/ct874_programming_1/assignment_2/src/11476078_ct874_assignment_2.zip,a05653569f2ce9f1032b9348415ca93c66cfcd6c957e5a8fa69a6ae8a0327345,1644,11476078_ct874_assignment_2.zip,,,,,
./software_development/ct874_programming_1/assignment_3/programming_i_assignment_3.pdf,c9a058f26678d2c6b37dac64a82731aebe1bbf742b9a74e0ca615b460b7107bd,196955,programming_i_assignment_3.pdf,,,,,
./software_development/ct874_programming_1/assignment_3/asssignment_3.iml,9ce2740ff4744597d558d5726560114387deb855de786bb620636fdfdf9514cc,423,asssignment_3.iml,,,,,
./software_development/ct874_programming_1/assignment_3/assignment_3.iml,9ce2740ff4744597d558d5726560114387deb855de786bb620636fdfdf9514cc,423,assignment_3.iml,,,,,
./software_development/ct874_programming_1/assignment_3/src/rainfall.java,ec5ad5a5cacc18a124715b4de186ceb6a1ea735a166e52e74537fb89a92a1507,1231,rainfall.java,,,,,
./software_development/ct874_programming_1/assignment_3/src/tester_2b.java,7f47b176bae80f2b385ac3cff2c128a0511404500217dccc1649240fe7e95df5,1423,tester_2b.java,,,,,
./software_development/ct874_programming_1/assignment_3/src/11476078_ct874_assignment3.zip,74c78c5128dcf39b3a2082d3507e97848bf23117d3d217726f6783e4a548237c,1797,11476078_ct874_assignment3.zip,,,,,
./software_development/ct874_programming_1/assignment_3/src/movie.java,f35c687d4ad526007dfa12c834a7d8a9978c6523586da24ca270642cf6e58b1a,1219,movie.java,,,,,
./software_development/ct874_programming_1/assignment_4/out/production/assignment_4/driver.class,4c4ec7e6004b488af2264f7f9400cddb5c974076d395d803dc404d65b11727c0,2971,driver.class,,,,,
./software_development/ct874_programming_1/assignment_4/out/production/assignment_4/contact.class,c3dba7cbe073ef076bb1cb57a1a2b50cd063b7d23579c7de0a257fec4ce3d1e1,1314,contact.class,,,,,
./software_development/ct874_programming_1/assignment_4/assignment_4.iml,9ce2740ff4744597d558d5726560114387deb855de786bb620636fdfdf9514cc,423,assignment_4.iml,,,,,
./software_development/ct874_programming_1/assignment_4/src/contact.java,884504452534daef7014964493a277989cb8efcfab8ff107573efff732c52c9f,707,contact.java,,,,,
./software_development/ct874_programming_1/assignment_4/src/driver.java,8d9073b87acadc2925741e953a3c4826db84d7eced29141110f0a291dd210a7d,2372,driver.java,,,,,
./software_development/ct874_programming_1/assignment_4/src/11476078_ct874_assignment_4.zip,6f2fb3a4329ee2df20cb2ebc558a63a91fdba6d1119a945c949126bfe558e826,1322,11476078_ct874_assignment_4.zip,,,,,
./software_development/ct874_programming_1/programming_past_exams/programming16_17.PDF,120e4843a3a4943af187e9e4fa8c2ab8baa655f43291923c154c68ddc72b3ba7,260617,programming16_17.PDF,,,,,
./software_development/ct874_programming_1/programming_past_exams/programming12_13_2.PDF,ae598110360f4652dee0bee831f11dc0c774f668b5036d7b28427e4f4ab25d9c,155233,programming12_13_2.PDF,,,,,
./software_development/ct874_programming_1/programming_past_exams/programming14_15.PDF,64a7d26a1cba19a6002898e5a3937eb7e3ec332c6a45212c9180185c3882aef7,174145,programming14_15.PDF,,,,,
./software_development/ct874_programming_1/programming_past_exams/programming12_13.PDF,ddfdef15c6dd738d3e5085fe6351067d40bc9ebc39e7af9df5cd7a1a8b171f45,139104,programming12_13.PDF,,,,,
./software_development/ct874_programming_1/programming_past_exams/programming19_20.PDF,ece317e9b827b501100380e6bd11f5167909e970e7973c6d63917bf6746042dd,206716,programming19_20.PDF,,,,,
./software_development/ct874_programming_1/programming_past_exams/programming13_14_2.PDF,7aaa315d32049b21055b046e2dd3d26c86b4f18612906d9fed61240f3fb9460e,153619,programming13_14_2.PDF,,,,,
./software_development/ct874_programming_1/programming_past_exams/programming17_18.PDF,f42d172967839fb299bfeabec5464d36c0a22a4a92aade4de5159eceace1baad,207719,programming17_18.PDF,,,,,
./software_development/ct874_programming_1/programming_past_exams/programming15_16.PDF,92e922bc910ef78837f5515bebadcc00e26f8c757ac12ea23830bab639773d85,240987,programming15_16.PDF,,,,,
./software_development/ct874_programming_1/programming_past_exams/programming18_19.PDF,10d7b1ad77a33bc54b2766d404f34ef0067fc204c49b1044f1f41e61ad37b179,187423,programming18_19.PDF,,,,,
./software_development/ct874_programming_1/programming_past_exams/programming13_14.PDF,6cfb8a0cee13e8e680a262a584f335388ba63535f639b98bd713f22b2ad5af53,198488,programming13_14.PDF,,,,,
./software_development/ct874_programming_1/programming_past_exams/programming14_15orig.PDF,956a8d4851c21fe8719ad93d14369a51fad22f66ca12f89cd681f26a8b774480,152323,programming14_15orig.PDF,,,,,
